Year,Quarter,1 Mo-2 Mo_spread,1 Mo-3 Mo_spread,1 Mo-4 Mo_spread,1 Mo-6 Mo_spread,1 Mo-1 Yr_spread,1 Mo-2 Yr_spread,1 Mo-3 Yr_spread,1 Mo-5 Yr_spread,1 Mo-7 Yr_spread,1 Mo-10 Yr_spread,1 Mo-20 Yr_spread,1 Mo-30 Yr_spread,2 Mo-3 Mo_spread,2 Mo-4 Mo_spread,2 Mo-6 Mo_spread,2 Mo-1 Yr_spread,2 Mo-2 Yr_spread,2 Mo-3 Yr_spread,2 Mo-5 Yr_spread,2 Mo-7 Yr_spread,2 Mo-10 Yr_spread,2 Mo-20 Yr_spread,2 Mo-30 Yr_spread,3 Mo-4 Mo_spread,3 Mo-6 Mo_spread,3 Mo-1 Yr_spread,3 Mo-2 Yr_spread,3 Mo-3 Yr_spread,3 Mo-5 Yr_spread,3 Mo-7 Yr_spread,3 Mo-10 Yr_spread,3 Mo-20 Yr_spread,3 Mo-30 Yr_spread,4 Mo-6 Mo_spread,4 Mo-1 Yr_spread,4 Mo-2 Yr_spread,4 Mo-3 Yr_spread,4 Mo-5 Yr_spread,4 Mo-7 Yr_spread,4 Mo-10 Yr_spread,4 Mo-20 Yr_spread,4 Mo-30 Yr_spread,6 Mo-1 Yr_spread,6 Mo-2 Yr_spread,6 Mo-3 Yr_spread,6 Mo-5 Yr_spread,6 Mo-7 Yr_spread,6 Mo-10 Yr_spread,6 Mo-20 Yr_spread,6 Mo-30 Yr_spread,1 Yr-2 Yr_spread,1 Yr-3 Yr_spread,1 Yr-5 Yr_spread,1 Yr-7 Yr_spread,1 Yr-10 Yr_spread,1 Yr-20 Yr_spread,1 Yr-30 Yr_spread,2 Yr-3 Yr_spread,2 Yr-5 Yr_spread,2 Yr-7 Yr_spread,2 Yr-10 Yr_spread,2 Yr-20 Yr_spread,2 Yr-30 Yr_spread,3 Yr-5 Yr_spread,3 Yr-7 Yr_spread,3 Yr-10 Yr_spread,3 Yr-20 Yr_spread,3 Yr-30 Yr_spread,5 Yr-7 Yr_spread,5 Yr-10 Yr_spread,5 Yr-20 Yr_spread,5 Yr-30 Yr_spread,7 Yr-10 Yr_spread,7 Yr-20 Yr_spread,7 Yr-30 Yr_spread,10 Yr-20 Yr_spread,10 Yr-30 Yr_spread,20 Yr-30 Yr_spread
2004,Q1,,-0.024032258064516143,,-0.09387096774193537,-0.3117741935483871,-0.7769354838709677,-1.2533870967741936,-2.071290322580645,-2.591774193548387,-3.100322580645161,-3.968225806451613,,,,,,,,,,,,,,-0.06983870967741923,-0.28774193548387095,-0.7529032258064515,-1.2293548387096775,-2.047258064516129,-2.567741935483871,-3.076290322580645,-3.944193548387097,,,,,,,,,,,-0.21790322580645172,-0.6830645161290323,-1.1595161290322582,-1.9774193548387098,-2.4979032258064517,-3.0064516129032257,-3.8743548387096776,,-0.4651612903225806,-0.9416129032258065,-1.759516129032258,-2.2800000000000002,-2.7885483870967738,-3.6564516129032256,,-0.4764516129032259,-1.2943548387096775,-1.8148387096774194,-2.3233870967741934,-3.1912903225806453,,-0.8179032258064516,-1.3383870967741935,-1.8469354838709675,-2.7148387096774194,,-0.520483870967742,-1.029032258064516,-1.8969354838709678,,-0.508548387096774,-1.3764516129032258,,-0.8679032258064519,,
2004,Q2,,-0.14161290322580633,,-0.40516129032258064,-0.8209677419354838,-1.5001612903225805,-2.0174193548387094,-2.7664516129032255,-3.229354838709677,-3.64258064516129,-4.401129032258065,,,,,,,,,,,,,,-0.2635483870967743,-0.6793548387096775,-1.3585483870967743,-1.8758064516129032,-2.6248387096774195,-3.087741935483871,-3.500967741935484,-4.259516129032258,,,,,,,,,,,-0.4158064516129032,-1.095,-1.6122580645161289,-2.361290322580645,-2.824193548387097,-3.2374193548387096,-3.995967741935484,,-0.6791935483870968,-1.1964516129032257,-1.9454838709677418,-2.4083870967741934,-2.821612903225806,-3.5801612903225806,,-0.5172580645161289,-1.266290322580645,-1.7291935483870966,-2.1424193548387094,-2.900967741935484,,-0.7490322580645161,-1.2119354838709677,-1.6251612903225805,-2.383709677419355,,-0.4629032258064516,-0.8761290322580644,-1.6346774193548388,,-0.4132258064516128,-1.1717741935483872,,-0.7585483870967744,,
2004,Q3,,-0.1439062499999999,,-0.4184374999999998,-0.7050000000000001,-1.1865625,-1.5495312499999998,-2.135625,-2.5521875,-2.93140625,-3.69828125,,,,,,,,,,,,,,-0.2745312499999999,-0.5610937500000002,-1.04265625,-1.405625,-1.9917187500000002,-2.40828125,-2.7875000000000005,-3.5543750000000003,,,,,,,,,,,-0.2865625000000003,-0.7681250000000002,-1.13109375,-1.7171875000000003,-2.13375,-2.5129687500000006,-3.2798437500000004,,-0.4815624999999999,-0.8445312499999997,-1.430625,-1.8471875,-2.22640625,-2.99328125,,-0.36296874999999984,-0.9490625000000001,-1.365625,-1.7448437500000002,-2.51171875,,-0.5860937500000003,-1.0026562500000002,-1.3818750000000004,-2.14875,,-0.41656249999999995,-0.7957812500000001,-1.5626562499999999,,-0.37921875000000016,-1.14609375,,-0.7668749999999998,,
2004,Q4,,-0.2056451612903225,,-0.455806451612903,-0.6309677419354838,-0.9806451612903229,-1.2170967741935486,-1.6519354838709677,-2.013225806451613,-2.334032258064516,-3.0330645161290324,,,,,,,,,,,,,,-0.2501612903225805,-0.42532258064516126,-0.7750000000000004,-1.011451612903226,-1.4462903225806452,-1.8075806451612904,-2.1283870967741936,-2.82741935483871,,,,,,,,,,,-0.17516129032258076,-0.5248387096774199,-0.7612903225806456,-1.1961290322580647,-1.5574193548387099,-1.878225806451613,-2.5772580645161294,,-0.3496774193548391,-0.5861290322580648,-1.020967741935484,-1.382258064516129,-1.7030645161290323,-2.4020967741935486,,-0.2364516129032257,-0.6712903225806448,-1.03258064516129,-1.3533870967741932,-2.0524193548387095,,-0.4348387096774191,-0.7961290322580643,-1.1169354838709675,-1.8159677419354838,,-0.3612903225806452,-0.6820967741935484,-1.3811290322580647,,-0.3208064516129032,-1.0198387096774195,,-0.6990322580645163,,
2005,Q1,,-0.22819672131147506,,-0.5159016393442624,-0.7114754098360652,-1.093934426229508,-1.262950819672131,-1.5298360655737704,-1.7378688524590165,-1.9426229508196715,-2.4031147540983606,,,,,,,,,,,,,,-0.2877049180327873,-0.4832786885245901,-0.865737704918033,-1.034754098360656,-1.3016393442622953,-1.5096721311475414,-1.7144262295081965,-2.1749180327868856,,,,,,,,,,,-0.1955737704918028,-0.5780327868852457,-0.7470491803278687,-1.013934426229508,-1.221967213114754,-1.4267213114754091,-1.8872131147540983,,-0.38245901639344293,-0.5514754098360659,-0.8183606557377052,-1.0263934426229513,-1.2311475409836063,-1.6916393442622955,,-0.16901639344262298,-0.4359016393442623,-0.6439344262295084,-0.8486885245901634,-1.3091803278688525,,-0.2668852459016393,-0.4749180327868854,-0.6796721311475404,-1.1401639344262295,,-0.20803278688524607,-0.4127868852459011,-0.8732786885245902,,-0.20475409836065506,-0.6652459016393442,,-0.4604918032786891,,
2005,Q2,,-0.21703125000000023,,-0.4700000000000002,-0.6276562500000002,-0.9362500000000002,-1.0226562500000003,-1.1632812500000003,-1.2750000000000004,-1.4489062499999998,-1.8390625000000003,,,,,,,,,,,,,,-0.25296874999999996,-0.410625,-0.71921875,-0.805625,-0.94625,-1.0579687500000001,-1.2318749999999996,-1.62203125,,,,,,,,,,,-0.15765625000000005,-0.46625000000000005,-0.5526562500000001,-0.6932812500000001,-0.8050000000000002,-0.9789062499999996,-1.3690625,,-0.30859375,-0.395,-0.535625,-0.6473437500000001,-0.8212499999999996,-1.21140625,,-0.08640625000000002,-0.22703125000000002,-0.3387500000000001,-0.5126562499999996,-0.9028125,,-0.140625,-0.2523437500000001,-0.4262499999999996,-0.81640625,,-0.11171875000000009,-0.2856249999999996,-0.67578125,,-0.17390624999999948,-0.5640624999999999,,-0.3901562500000004,,
2005,Q3,,-0.20968750000000025,,-0.47843750000000007,-0.5625,-0.7293750000000001,-0.7606250000000001,-0.8107812499999998,-0.87984375,-0.9865624999999998,-1.2790625000000002,,,,,,,,,,,,,,-0.2687499999999998,-0.35281249999999975,-0.5196874999999999,-0.5509374999999999,-0.6010937499999995,-0.6701562499999998,-0.7768749999999995,-1.069375,,,,,,,,,,,-0.08406249999999993,-0.25093750000000004,-0.28218750000000004,-0.3323437499999997,-0.40140624999999996,-0.5081249999999997,-0.8006250000000001,,-0.1668750000000001,-0.1981250000000001,-0.2482812499999998,-0.31734375000000004,-0.4240624999999998,-0.7165625000000002,,-0.03125,-0.08140624999999968,-0.15046874999999993,-0.2571874999999997,-0.5496875000000001,,-0.05015624999999968,-0.11921874999999993,-0.22593749999999968,-0.5184375000000001,,-0.06906250000000025,-0.17578125,-0.4682812500000004,,-0.10671874999999975,-0.3992187500000002,,-0.2925000000000004,,
2005,Q4,,-0.21147540983606516,,-0.5483606557377043,-0.5863934426229505,-0.6624590163934427,-0.6701639344262289,-0.6890163934426226,-0.7236065573770492,-0.7860655737704909,-1.0654098360655735,,,,,,,,,,,,,,-0.33688524590163915,-0.3749180327868853,-0.45098360655737757,-0.45868852459016374,-0.4775409836065574,-0.512131147540984,-0.5745901639344257,-0.8539344262295083,,,,,,,,,,,-0.03803278688524614,-0.11409836065573842,-0.12180327868852459,-0.14065573770491824,-0.17524590163934484,-0.2377049180327866,-0.5170491803278692,,-0.07606557377049228,-0.08377049180327845,-0.1026229508196721,-0.1372131147540987,-0.19967213114754045,-0.47901639344262303,,-0.007704918032786168,-0.02655737704917982,-0.06114754098360642,-0.12360655737704818,-0.40295081967213076,,-0.018852459016393652,-0.05344262295082025,-0.11590163934426201,-0.3952459016393446,,-0.0345901639344266,-0.09704918032786836,-0.37639344262295094,,-0.06245901639344176,-0.34180327868852434,,-0.2793442622950826,,
2006,Q1,,-0.1479032258064521,,-0.29854838709677445,-0.2816129032258061,-0.24596774193548399,-0.22387096774193616,-0.1937096774193554,-0.19677419354838754,-0.21838709677419388,-0.4153225806451619,-0.30434587813620073,,,,,,,,,,,,,-0.15064516129032235,-0.13370967741935402,-0.09806451612903189,-0.07596774193548406,-0.04580645161290331,-0.048870967741935445,-0.07048387096774178,-0.2674193548387098,-0.15644265232974863,,,,,,,,,,0.016935483870968326,0.05258064516129046,0.07467741935483829,0.10483870967741904,0.1017741935483869,0.08016129032258057,-0.11677419354838747,-0.0057974910394262835,0.035645161290322136,0.057741935483869966,0.08790322580645071,0.08483870967741858,0.06322580645161224,-0.1337096774193558,-0.02273297491039461,0.02209677419354783,0.05225806451612858,0.04919354838709644,0.027580645161290107,-0.16935483870967794,-0.058378136200716746,0.030161290322580747,0.02709677419354861,0.005483870967742277,-0.19145161290322577,-0.08047491039426458,-0.0030645161290321354,-0.02467741935483847,-0.2216129032258065,-0.11063620071684532,-0.021612903225806335,-0.21854838709677438,-0.10757168458781319,-0.19693548387096804,-0.08595878136200685,0.11097670250896119
2006,Q2,,-0.15523809523809629,,-0.35873015873015923,-0.3465079365079369,-0.32301587301587364,-0.31238095238095287,-0.3182539682539689,-0.343174603174603,-0.3977777777777778,-0.6157142857142865,-0.46809523809523856,,,,,,,,,,,,,-0.20349206349206295,-0.1912698412698406,-0.16777777777777736,-0.15714285714285658,-0.16301587301587261,-0.18793650793650674,-0.2425396825396815,-0.46047619047619026,-0.3128571428571423,,,,,,,,,,0.012222222222222356,0.03571428571428559,0.04634920634920636,0.04047619047619033,0.01555555555555621,-0.039047619047618554,-0.2569841269841273,-0.10936507936507933,0.02349206349206323,0.034126984126984006,0.028253968253967976,0.0033333333333338544,-0.05126984126984091,-0.26920634920634967,-0.12158730158730169,0.010634920634920775,0.004761904761904745,-0.020158730158729377,-0.07476190476190414,-0.2926984126984129,-0.14507936507936492,-0.00587301587301603,-0.03079365079365015,-0.08539682539682492,-0.3033333333333337,-0.1557142857142857,-0.02492063492063412,-0.07952380952380889,-0.29746031746031765,-0.14984126984126966,-0.054603174603174764,-0.2725396825396835,-0.12492063492063554,-0.21793650793650876,-0.07031746031746078,0.14761904761904798
2006,Q3,,-0.08158730158730165,,-0.21904761904762005,-0.1376190476190482,0.024444444444444713,0.08507936507936442,0.11126984126984052,0.10349206349206241,0.05999999999999872,-0.13190476190476197,-0.040793650793650826,,,,,,,,,,,,,-0.1374603174603184,-0.05603174603174654,0.10603174603174637,0.16666666666666607,0.19285714285714217,0.18507936507936407,0.14158730158730037,-0.050317460317460316,0.040793650793650826,,,,,,,,,,0.08142857142857185,0.24349206349206476,0.30412698412698447,0.33031746031746057,0.32253968253968246,0.27904761904761877,0.08714285714285808,0.17825396825396922,0.1620634920634929,0.22269841269841262,0.24888888888888872,0.2411111111111106,0.19761904761904692,0.005714285714286227,0.09682539682539737,0.06063492063491971,0.0868253968253958,0.0790476190476177,0.03555555555555401,-0.15634920634920668,-0.06523809523809554,0.026190476190476097,0.018412698412697992,-0.0250793650793657,-0.2169841269841264,-0.12587301587301525,-0.007777777777778105,-0.0512698412698418,-0.2431746031746025,-0.15206349206349135,-0.04349206349206369,-0.23539682539682438,-0.14428571428571324,-0.1919047619047607,-0.10079365079364955,0.09111111111111114
2006,Q4,,-0.01161290322580566,,-0.09322580645161249,0.03193548387096801,0.28258064516129,0.3714516129032255,0.41838709677419406,0.4166129032258068,0.3895161290322582,0.18725806451612925,0.278225806451613,,,,,,,,,,,,,-0.08161290322580683,0.043548387096773666,0.29419354838709566,0.38306451612903114,0.4299999999999997,0.42822580645161246,0.40112903225806384,0.1988709677419349,0.28983870967741865,,,,,,,,,,0.1251612903225805,0.3758064516129025,0.464677419354838,0.5116129032258065,0.5098387096774193,0.4827419354838707,0.28048387096774174,0.3714516129032255,0.250645161290322,0.3395161290322575,0.38645161290322605,0.3846774193548388,0.3575806451612902,0.15532258064516125,0.24629032258064498,0.08887096774193548,0.13580645161290406,0.1340322580645168,0.10693548387096818,-0.09532258064516075,-0.004354838709677011,0.046935483870968575,0.045161290322581316,0.018064516129032704,-0.18419354838709623,-0.09322580645161249,-0.0017741935483872595,-0.02887096774193587,-0.2311290322580648,-0.14016129032258107,-0.02709677419354861,-0.22935483870967754,-0.1383870967741938,-0.20225806451612893,-0.1112903225806452,0.09096774193548374
2007,Q1,,-0.0062903225806456575,,-0.025322580645161352,0.10016129032258014,0.3472580645161294,0.42806451612903196,0.464354838709677,0.4580645161290322,0.42870967741935395,0.21693548387096673,0.3112903225806454,,,,,,,,,,,,,-0.019032258064515695,0.1064516129032258,0.35354838709677505,0.4343548387096776,0.47064516129032263,0.46435483870967786,0.4349999999999996,0.22322580645161239,0.31758064516129103,,,,,,,,,,0.1254838709677415,0.37258064516129075,0.4533870967741933,0.48967741935483833,0.48338709677419356,0.4540322580645153,0.24225806451612808,0.3366129032258067,0.24709677419354925,0.3279032258064518,0.36419354838709683,0.35790322580645206,0.3285483870967738,0.11677419354838658,0.21112903225806523,0.08080645161290256,0.11709677419354758,0.11080645161290281,0.08145161290322456,-0.13032258064516267,-0.03596774193548402,0.03629032258064502,0.03000000000000025,0.0006451612903219939,-0.21112903225806523,-0.11677419354838658,-0.006290322580644769,-0.035645161290323024,-0.24741935483871025,-0.1530645161290316,-0.029354838709678255,-0.24112903225806548,-0.14677419354838683,-0.21177419354838722,-0.11741935483870858,0.09435483870967865
2007,Q2,,-0.09531250000000036,,-0.22328125000000032,-0.15750000000000064,-0.027031250000000284,0.01312499999999961,0.015937499999999716,-0.0070312500000007105,-0.06937499999999996,-0.29234375000000057,-0.21218750000000064,,,,,,,,,,,,,-0.12796874999999996,-0.062187500000000284,0.06828125000000007,0.10843749999999996,0.11125000000000007,0.08828124999999964,0.02593750000000039,-0.1970312500000002,-0.11687500000000028,,,,,,,,,,0.06578124999999968,0.19625000000000004,0.23640624999999993,0.23921875000000004,0.2162499999999996,0.15390625000000036,-0.06906250000000025,0.01109374999999968,0.13046875000000036,0.17062500000000025,0.17343750000000036,0.15046874999999993,0.08812500000000068,-0.13484374999999993,-0.0546875,0.04015624999999989,0.04296875,0.019999999999999574,-0.04234374999999968,-0.2653125000000003,-0.18515625000000036,0.0028125000000001066,-0.02015625000000032,-0.08249999999999957,-0.3054687500000002,-0.22531250000000025,-0.022968750000000426,-0.08531249999999968,-0.3082812500000003,-0.22812500000000036,-0.062343749999999254,-0.28531249999999986,-0.20515624999999993,-0.2229687500000006,-0.14281250000000068,0.08015624999999993
2007,Q3,,-0.1553968253968252,,-0.3288888888888888,-0.25619047619047564,-0.11190476190476151,-0.1376190476190473,-0.2338095238095237,-0.32396825396825424,-0.4595238095238088,-0.7336507936507939,-0.6699999999999999,,,,,,,,,,,,,-0.1734920634920636,-0.10079365079365044,0.04349206349206369,0.017777777777777892,-0.07841269841269849,-0.16857142857142904,-0.3041269841269836,-0.5782539682539687,-0.5146031746031747,,,,,,,,,,0.07269841269841315,0.21698412698412728,0.19126984126984148,0.0950793650793651,0.004920634920634548,-0.13063492063492,-0.4047619047619051,-0.34111111111111114,0.14428571428571413,0.11857142857142833,0.022380952380951946,-0.0677777777777786,-0.20333333333333314,-0.47746031746031825,-0.4138095238095243,-0.0257142857142858,-0.12190476190476218,-0.21206349206349273,-0.34761904761904727,-0.6217460317460324,-0.5580952380952384,-0.09619047619047638,-0.18634920634920693,-0.32190476190476147,-0.5960317460317466,-0.5323809523809526,-0.09015873015873055,-0.2257142857142851,-0.4998412698412702,-0.43619047619047624,-0.13555555555555454,-0.40968253968253965,-0.3460317460317457,-0.2741269841269851,-0.21047619047619115,0.06365079365079396
2007,Q4,,-0.02951612903225742,,-0.24709677419354792,-0.17290322580645157,-0.027580645161290107,-0.0512903225806447,-0.33548387096774146,-0.5295161290322574,-0.8045161290322587,-1.1969354838709676,-1.1501612903225804,,,,,,,,,,,,,-0.2175806451612905,-0.14338709677419414,0.0019354838709673139,-0.021774193548387277,-0.30596774193548404,-0.5,-0.7750000000000012,-1.1674193548387102,-1.120645161290323,,,,,,,,,,0.07419354838709635,0.2195161290322578,0.19580645161290322,-0.08838709677419354,-0.2824193548387095,-0.5574193548387107,-0.9498387096774197,-0.9030645161290325,0.14532258064516146,0.12161290322580687,-0.1625806451612899,-0.35661290322580586,-0.6316129032258071,-1.024032258064516,-0.9772580645161288,-0.02370967741935459,-0.30790322580645135,-0.5019354838709673,-0.7769354838709686,-1.1693548387096775,-1.1225806451612903,-0.28419354838709676,-0.4782258064516127,-0.753225806451614,-1.145645161290323,-1.0988709677419357,-0.19403225806451596,-0.4690322580645172,-0.8614516129032261,-0.814677419354839,-0.27500000000000124,-0.6674193548387102,-0.620645161290323,-0.39241935483870893,-0.34564516129032175,0.04677419354838719
2008,Q1,,0.026393442622950847,,-0.027540983606557656,0.017868852459016704,0.10147540983606573,-0.0401639344262299,-0.6206557377049182,-1.0213114754098362,-1.5344262295081972,-2.2681967213114755,-2.281311475409836,,,,,,,,,,,,,-0.0539344262295085,-0.008524590163934143,0.07508196721311489,-0.06655737704918074,-0.6470491803278691,-1.047704918032787,-1.560819672131148,-2.2945901639344264,-2.307704918032787,,,,,,,,,,0.04540983606557436,0.1290163934426234,-0.01262295081967224,-0.5931147540983606,-0.9937704918032786,-1.5068852459016395,-2.240655737704918,-2.2537704918032784,0.08360655737704903,-0.0580327868852466,-0.6385245901639349,-1.039180327868853,-1.5522950819672139,-2.2860655737704922,-2.2991803278688527,-0.14163934426229563,-0.722131147540984,-1.122786885245902,-1.635901639344263,-2.3696721311475413,-2.3827868852459018,-0.5804918032786883,-0.9811475409836063,-1.4942622950819673,-2.2280327868852456,-2.241147540983606,-0.400655737704918,-0.913770491803279,-1.6475409836065573,-1.6606557377049178,-0.5131147540983609,-1.2468852459016393,-1.2599999999999998,-0.7337704918032784,-0.7468852459016389,-0.013114754098360493
2008,Q2,,-0.1390625000000001,,-0.36140625000000015,-0.5548437500000001,-0.9053125000000002,-1.1479687500000002,-1.64390625,-1.9471875000000003,-2.3704687499999997,-3.0759375,-3.0629687500000005,,,,,,,,,,,,,-0.22234375000000006,-0.41578125,-0.7662500000000001,-1.0089062500000001,-1.5048437499999998,-1.8081250000000002,-2.23140625,-2.9368749999999997,-2.92390625,,,,,,,,,,-0.19343749999999993,-0.54390625,-0.7865625,-1.2824999999999998,-1.5857812500000001,-2.0090624999999998,-2.71453125,-2.7015625,-0.3504687500000001,-0.5931250000000001,-1.0890624999999998,-1.3923437500000002,-1.8156249999999998,-2.52109375,-2.508125,-0.24265625000000002,-0.7385937499999997,-1.041875,-1.4651562499999997,-2.170625,-2.15765625,-0.4959374999999997,-0.7992187500000001,-1.2224999999999997,-1.9279687499999998,-1.915,-0.3032812500000004,-0.7265625,-1.43203125,-1.4190625000000003,-0.4232812499999996,-1.1287499999999997,-1.11578125,-0.7054687500000001,-0.6925000000000003,0.012968749999999751
2008,Q3,,-0.12765625000000003,,-0.47046875,-0.7337500000000001,-0.96734375,-1.2403125,-1.72015625,-2.044375,-2.46953125,-3.1029687500000005,-3.0565625,,,,,,,,,,,,,-0.34281249999999996,-0.6060937500000001,-0.8396874999999999,-1.11265625,-1.5925,-1.91671875,-2.341875,-2.9753125000000002,-2.92890625,,,,,,,,,,-0.26328125000000013,-0.49687499999999996,-0.7698437499999999,-1.2496875,-1.57390625,-1.9990625000000002,-2.6325000000000003,-2.58609375,-0.23359374999999982,-0.5065624999999998,-0.9864062499999999,-1.310625,-1.73578125,-2.3692187500000004,-2.3228125,-0.27296875,-0.7528125000000001,-1.07703125,-1.5021875000000002,-2.1356250000000006,-2.08921875,-0.4798437500000001,-0.8040625000000001,-1.2292187500000002,-1.8626562500000006,-1.8162500000000001,-0.32421875,-0.7493750000000001,-1.3828125000000004,-1.33640625,-0.4251562500000001,-1.0585937500000004,-1.0121875,-0.6334375000000003,-0.5870312499999999,0.046406250000000426
2008,Q4,,-0.18633679606342263,,-0.5996774193548386,-0.8479032258064516,-1.0741935483870968,-1.3396774193548386,-2.031451612903226,-2.4795161290322585,-3.093387096774194,-3.8050000000000006,-3.520483870967742,,,,,,,,,,,,,-0.4133406232914161,-0.6615664297430289,-0.8878567523236742,-1.153340623291416,-1.8451148168398033,-2.293179332968836,-2.907050300710771,-3.6186632039365776,-3.334147074904319,,,,,,,,,,-0.24822580645161285,-0.47451612903225815,-0.74,-1.4317741935483872,-1.8798387096774196,-2.4937096774193552,-3.205322580645162,-2.9208064516129033,-0.2262903225806453,-0.49177419354838714,-1.1835483870967742,-1.6316129032258067,-2.245483870967742,-2.9570967741935488,-2.67258064516129,-0.26548387096774184,-0.957258064516129,-1.4053225806451615,-2.019193548387097,-2.730806451612904,-2.446290322580645,-0.6917741935483872,-1.1398387096774196,-1.753709677419355,-2.4653225806451617,-2.180806451612903,-0.4480645161290324,-1.0619354838709678,-1.7735483870967745,-1.489032258064516,-0.6138709677419354,-1.3254838709677421,-1.0409677419354835,-0.7116129032258067,-0.4270967741935481,0.28451612903225865
2009,Q1,,-0.08967213114754097,,-0.2737704918032787,-0.44934426229508195,-0.7816393442622951,-1.1488524590163935,-1.638688524590164,-2.1152459016393443,-2.6136065573770493,-3.568524590163934,-3.3340983606557377,,,,,,,,,,,,,-0.18409836065573773,-0.35967213114754093,-0.6919672131147541,-1.0591803278688525,-1.5490163934426229,-2.0255737704918033,-2.5239344262295083,-3.478852459016393,-3.2444262295081967,,,,,,,,,,-0.17557377049180323,-0.5078688524590164,-0.8750819672131148,-1.364918032786885,-1.8414754098360655,-2.3398360655737704,-3.2947540983606554,-3.060327868852459,-0.33229508196721314,-0.6995081967213116,-1.1893442622950818,-1.6659016393442623,-2.164262295081967,-3.119180327868852,-2.8847540983606557,-0.36721311475409846,-0.8570491803278688,-1.3336065573770493,-1.8319672131147542,-2.7868852459016393,-2.552459016393443,-0.48983606557377035,-0.9663934426229508,-1.4647540983606557,-2.4196721311475407,-2.185245901639344,-0.47655737704918044,-0.9749180327868854,-1.9298360655737703,-1.6954098360655738,-0.49836065573770494,-1.4532786885245899,-1.2188524590163934,-0.9549180327868849,-0.7204918032786884,0.23442622950819647
2009,Q2,,-0.06142857142857146,,-0.21317460317460318,-0.41126984126984123,-0.9077777777777778,-1.3855555555555554,-2.131904761904762,-2.7792063492063495,-3.2109523809523814,-4.085396825396826,-4.062539682539683,,,,,,,,,,,,,-0.15174603174603174,-0.3498412698412698,-0.8463492063492064,-1.324126984126984,-2.07047619047619,-2.7177777777777776,-3.1495238095238096,-4.023968253968254,-4.001111111111111,,,,,,,,,,-0.19809523809523805,-0.6946031746031747,-1.1723809523809523,-1.9187301587301586,-2.566031746031746,-2.997777777777778,-3.8722222222222222,-3.849365079365079,-0.49650793650793656,-0.9742857142857142,-1.7206349206349205,-2.3679365079365082,-2.79968253968254,-3.6741269841269846,-3.6512698412698414,-0.47777777777777763,-1.224126984126984,-1.8714285714285714,-2.3031746031746034,-3.177619047619048,-3.1547619047619047,-0.7463492063492063,-1.3936507936507938,-1.8253968253968258,-2.6998412698412704,-2.6769841269841272,-0.6473015873015875,-1.0790476190476195,-1.9534920634920638,-1.9306349206349207,-0.431746031746032,-1.3061904761904763,-1.2833333333333332,-0.8744444444444444,-0.8515873015873012,0.02285714285714313
2009,Q3,,-0.048593750000000005,,-0.14093750000000005,-0.3365625,-0.91859375,-1.4465625,-2.35609375,-3.01171875,-3.40640625,-4.17203125,-4.21109375,,,,,,,,,,,,,-0.09234375000000003,-0.28796875,-0.87,-1.39796875,-2.3074999999999997,-2.963125,-3.3578124999999996,-4.1234375,-4.1625,,,,,,,,,,-0.19562499999999994,-0.7776562499999999,-1.3056249999999998,-2.2151562499999997,-2.87078125,-3.2654687499999997,-4.03109375,-4.07015625,-0.58203125,-1.1099999999999999,-2.01953125,-2.67515625,-3.06984375,-3.83546875,-3.87453125,-0.5279687499999999,-1.4374999999999998,-2.0931249999999997,-2.4878124999999995,-3.2534374999999995,-3.2924999999999995,-0.9095312499999999,-1.56515625,-1.9598437499999999,-2.72546875,-2.76453125,-0.6556250000000001,-1.0503125,-1.8159375,-1.855,-0.39468749999999986,-1.1603124999999999,-1.1993749999999999,-0.765625,-0.8046875,-0.0390625
2009,Q4,,-0.019193548387096776,,-0.12,-0.3133870967741935,-0.8366129032258065,-1.3487096774193548,-2.2629032258064514,-2.9487096774193544,-3.422741935483871,-4.227580645161291,-4.294354838709678,,,,,,,,,,,,,-0.10080645161290322,-0.29419354838709677,-0.8174193548387096,-1.329516129032258,-2.243709677419355,-2.9295161290322578,-3.4035483870967744,-4.208387096774194,-4.275161290322581,,,,,,,,,,-0.19338709677419355,-0.7166129032258065,-1.2287096774193547,-2.1429032258064518,-2.8287096774193548,-3.3027419354838714,-4.107580645161291,-4.174354838709678,-0.5232258064516129,-1.0353225806451611,-1.949516129032258,-2.6353225806451612,-3.109354838709678,-3.9141935483870975,-3.9809677419354843,-0.5120967741935483,-1.4262903225806451,-2.112096774193548,-2.586129032258065,-3.3909677419354844,-3.457741935483871,-0.9141935483870969,-1.5999999999999999,-2.0740322580645163,-2.8788709677419364,-2.945645161290323,-0.685806451612903,-1.1598387096774196,-1.9646774193548393,-2.031451612903226,-0.47403225806451665,-1.2788709677419363,-1.345645161290323,-0.8048387096774197,-0.8716129032258064,-0.06677419354838676
2010,Q1,,-0.04098360655737705,,-0.11885245901639344,-0.29573770491803275,-0.8488524590163935,-1.4,-2.3585245901639342,-3.0954098360655737,-3.649016393442623,-4.421639344262295,-4.555573770491803,,,,,,,,,,,,,-0.07786885245901638,-0.2547540983606557,-0.8078688524590165,-1.359016393442623,-2.3175409836065572,-3.0544262295081968,-3.608032786885246,-4.380655737704918,-4.514590163934425,,,,,,,,,,-0.17688524590163934,-0.7300000000000001,-1.2811475409836066,-2.239672131147541,-2.9765573770491804,-3.5301639344262297,-4.302786885245902,-4.436721311475409,-0.5531147540983608,-1.1042622950819672,-2.0627868852459015,-2.799672131147541,-3.35327868852459,-4.125901639344262,-4.25983606557377,-0.5511475409836064,-1.5096721311475407,-2.2465573770491805,-2.8001639344262292,-3.5727868852459013,-3.706721311475409,-0.9585245901639343,-1.6954098360655738,-2.249016393442623,-3.021639344262295,-3.1555737704918028,-0.7368852459016395,-1.2904918032786887,-2.0631147540983608,-2.1970491803278684,-0.5536065573770492,-1.3262295081967213,-1.460163934426229,-0.772622950819672,-0.9065573770491797,-0.13393442622950769
2010,Q2,,-0.023281250000000003,,-0.09437500000000001,-0.25328125,-0.748125,-1.2540625,-2.12984375,-2.81015625,-3.3675,-4.07625,-4.2465625,,,,,,,,,,,,,-0.07109375000000001,-0.23,-0.72484375,-1.2307812500000002,-2.1065625,-2.7868749999999998,-3.34421875,-4.05296875,-4.223281249999999,,,,,,,,,,-0.15890625,-0.65375,-1.1596875,-2.03546875,-2.71578125,-3.2731250000000003,-3.981875,-4.152187499999999,-0.49484375,-1.0007812500000002,-1.8765625,-2.556875,-3.11421875,-3.82296875,-3.9932812499999994,-0.5059375,-1.38171875,-2.06203125,-2.6193750000000002,-3.328125,-3.4984374999999996,-0.87578125,-1.5560937499999998,-2.1134375,-2.8221875,-2.9924999999999997,-0.6803124999999999,-1.2376562500000001,-1.94640625,-2.1167187499999995,-0.5573437500000002,-1.26609375,-1.4364062499999997,-0.7087499999999998,-0.8790624999999994,-0.17031249999999964
2010,Q3,,-0.01218749999999999,,-0.052343749999999994,-0.12625,-0.3960937499999999,-0.6912499999999999,-1.40234375,-2.05125,-2.641875,-3.45015625,-3.7134375,,,,,,,,,,,,,-0.040156250000000004,-0.11406250000000001,-0.38390624999999995,-0.6790624999999999,-1.39015625,-2.0390625,-2.6296875,-3.43796875,-3.70125,,,,,,,,,,-0.07390625,-0.34374999999999994,-0.63890625,-1.3499999999999999,-1.9989062499999999,-2.5895312500000003,-3.3978125,-3.66109375,-0.26984374999999994,-0.565,-1.2760937499999998,-1.9249999999999998,-2.515625,-3.32390625,-3.5871874999999998,-0.29515625,-1.00625,-1.65515625,-2.2457812500000003,-3.0540625,-3.31734375,-0.71109375,-1.3599999999999999,-1.950625,-2.75890625,-3.0221875,-0.64890625,-1.2395312500000002,-2.0478125,-2.31109375,-0.5906250000000002,-1.39890625,-1.6621875,-0.8082812499999998,-1.0715624999999998,-0.2632812499999999
2010,Q4,,-0.019838709677419367,,-0.06451612903225808,-0.13951612903225807,-0.36741935483870963,-0.6335483870967743,-1.3837096774193547,-2.0733870967741934,-2.758709677419355,-3.7296774193548385,-4.047419354838709,,,,,,,,,,,,,-0.04467741935483871,-0.11967741935483872,-0.3475806451612903,-0.6137096774193549,-1.3638709677419354,-2.053548387096774,-2.7388709677419354,-3.709838709677419,-4.02758064516129,,,,,,,,,,-0.07500000000000001,-0.30290322580645157,-0.5690322580645162,-1.3191935483870965,-2.0088709677419354,-2.694193548387097,-3.6651612903225805,-3.9829032258064516,-0.22790322580645156,-0.49403225806451617,-1.2441935483870965,-1.9338709677419352,-2.6191935483870967,-3.5901612903225804,-3.9079032258064514,-0.2661290322580646,-1.016290322580645,-1.7059677419354837,-2.3912903225806454,-3.362258064516129,-3.6799999999999997,-0.7501612903225804,-1.439838709677419,-2.1251612903225805,-3.096129032258064,-3.413870967741935,-0.6896774193548387,-1.3750000000000002,-2.3459677419354836,-2.663709677419355,-0.6853225806451615,-1.6562903225806451,-1.9740322580645162,-0.9709677419354836,-1.2887096774193547,-0.3177419354838711
2011,Q1,,-0.022096774193548385,,-0.06354838709677418,-0.16741935483870968,-0.5890322580645162,-1.0556451612903226,-2.014677419354839,-2.7198387096774197,-3.3527419354838712,-4.214516129032258,-4.454516129032259,,,,,,,,,,,,,-0.0414516129032258,-0.1453225806451613,-0.5669354838709677,-1.0335483870967743,-1.9925806451612906,-2.697741935483871,-3.3306451612903225,-4.19241935483871,-4.43241935483871,,,,,,,,,,-0.1038709677419355,-0.525483870967742,-0.9920967741935485,-1.9511290322580648,-2.656290322580645,-3.2891935483870967,-4.150967741935484,-4.3909677419354844,-0.42161290322580647,-0.888225806451613,-1.8472580645161294,-2.55241935483871,-3.1853225806451615,-4.047096774193548,-4.287096774193548,-0.4666129032258065,-1.4256451612903227,-2.1308064516129033,-2.763709677419355,-3.625483870967742,-3.865483870967742,-0.9590322580645163,-1.6641935483870969,-2.297096774193548,-3.1588709677419358,-3.398870967741936,-0.7051612903225806,-1.338064516129032,-2.1998387096774192,-2.4398387096774194,-0.6329032258064515,-1.4946774193548387,-1.7346774193548389,-0.8617741935483871,-1.1017741935483873,-0.2400000000000002
2011,Q2,,-0.02111111111111111,,-0.0780952380952381,-0.18,-0.5374603174603175,-0.9201587301587302,-1.8303174603174601,-2.513015873015873,-3.1773015873015873,-4.037460317460317,-4.314126984126984,,,,,,,,,,,,,-0.05698412698412699,-0.15888888888888889,-0.5163492063492064,-0.8990476190476191,-1.809206349206349,-2.4919047619047623,-3.1561904761904764,-4.016349206349206,-4.293015873015873,,,,,,,,,,-0.1019047619047619,-0.4593650793650794,-0.8420634920634921,-1.7522222222222221,-2.434920634920635,-3.0992063492063493,-3.959365079365079,-4.236031746031746,-0.3574603174603175,-0.7401587301587301,-1.6503174603174602,-2.3330158730158734,-2.9973015873015876,-3.8574603174603173,-4.1341269841269845,-0.38269841269841265,-1.2928571428571427,-1.9755555555555557,-2.63984126984127,-3.4999999999999996,-3.776666666666667,-0.9101587301587301,-1.592857142857143,-2.257142857142857,-3.117301587301587,-3.393968253968254,-0.682698412698413,-1.3469841269841272,-2.207142857142857,-2.483809523809524,-0.6642857142857141,-1.5244444444444438,-1.801111111111111,-0.8601587301587297,-1.136825396825397,-0.2766666666666673
2011,Q3,,-0.005156250000000001,,-0.04296875000000001,-0.11359375000000002,-0.259375,-0.44640625,-1.12421875,-1.74296875,-2.3943749999999997,-3.3074999999999997,-3.67109375,,,,,,,,,,,,,-0.037812500000000006,-0.10843750000000002,-0.25421875,-0.44125,-1.1190625,-1.7378125,-2.38921875,-3.30234375,-3.6659375,,,,,,,,,,-0.07062500000000001,-0.21640625000000002,-0.4034375,-1.08125,-1.7,-2.3514062499999997,-3.2645312499999997,-3.628125,-0.14578125,-0.33281249999999996,-1.0106249999999999,-1.6293749999999998,-2.28078125,-3.19390625,-3.5575,-0.18703124999999998,-0.8648437499999999,-1.4835937499999998,-2.135,-3.0481249999999998,-3.41171875,-0.6778124999999999,-1.2965624999999998,-1.9479687499999998,-2.8610937499999998,-3.2246875,-0.6187499999999999,-1.2701562499999999,-2.18328125,-2.546875,-0.65140625,-1.56453125,-1.928125,-0.913125,-1.2767187500000001,-0.36359375000000016
2011,Q4,,-0.00459016393442623,,-0.039672131147540986,-0.10377049180327869,-0.2534426229508197,-0.4065573770491804,-0.9424590163934425,-1.488688524590164,-2.03655737704918,-2.7401639344262296,-3.0308196721311473,,,,,,,,,,,,,-0.035081967213114754,-0.09918032786885246,-0.24885245901639344,-0.40196721311475414,-0.9378688524590163,-1.4840983606557376,-2.031967213114754,-2.7355737704918037,-3.0262295081967214,,,,,,,,,,-0.06409836065573771,-0.2137704918032787,-0.36688524590163935,-0.9027868852459016,-1.449016393442623,-1.9968852459016393,-2.700491803278689,-2.9911475409836066,-0.149672131147541,-0.3027868852459017,-0.8386885245901639,-1.3849180327868853,-1.9327868852459016,-2.636393442622951,-2.927049180327869,-0.15311475409836067,-0.6890163934426229,-1.2352459016393442,-1.7831147540983605,-2.48672131147541,-2.777377049180328,-0.5359016393442622,-1.0821311475409836,-1.63,-2.3336065573770495,-2.624262295081967,-0.5462295081967213,-1.0940983606557375,-1.797704918032787,-2.088360655737705,-0.5478688524590163,-1.2514754098360659,-1.5421311475409836,-0.7036065573770496,-0.9942622950819673,-0.2906557377049177
2012,Q1,,-0.01967741935483871,,-0.06064516129032258,-0.10548387096774192,-0.23854838709677417,-0.36870967741935484,-0.8474193548387097,-1.3925806451612903,-1.9890322580645161,-2.748225806451613,-3.0924193548387096,,,,,,,,,,,,,-0.04096774193548387,-0.0858064516129032,-0.21887096774193546,-0.3490322580645161,-0.827741935483871,-1.3729032258064517,-1.9693548387096775,-2.728548387096774,-3.0727419354838705,,,,,,,,,,-0.04483870967741933,-0.17790322580645157,-0.30806451612903224,-0.7867741935483872,-1.3319354838709678,-1.9283870967741936,-2.6875806451612902,-3.0317741935483866,-0.13306451612903225,-0.2632258064516129,-0.7419354838709677,-1.2870967741935484,-1.8835483870967742,-2.6427419354838713,-2.9869354838709676,-0.13016129032258067,-0.6088709677419355,-1.1540322580645161,-1.750483870967742,-2.509677419354839,-2.853870967741935,-0.4787096774193549,-1.0238709677419355,-1.6203225806451613,-2.3795161290322584,-2.7237096774193548,-0.5451612903225806,-1.1416129032258064,-1.9008064516129033,-2.2449999999999997,-0.5964516129032258,-1.3556451612903226,-1.699838709677419,-0.7591935483870969,-1.1033870967741932,-0.34419354838709637
2012,Q2,,-0.026718750000000006,,-0.08265625000000001,-0.1265625,-0.22796875000000003,-0.34125,-0.7273437500000001,-1.1775,-1.76421875,-2.48765625,-2.87609375,,,,,,,,,,,,,-0.0559375,-0.09984374999999998,-0.20125,-0.31453125000000004,-0.700625,-1.1507812499999999,-1.7374999999999998,-2.4609375,-2.8493749999999998,,,,,,,,,,-0.04390624999999998,-0.1453125,-0.25859375,-0.6446875000000001,-1.09484375,-1.6815624999999998,-2.4050000000000002,-2.7934375,-0.10140625000000003,-0.21468750000000003,-0.60078125,-1.0509374999999999,-1.63765625,-2.36109375,-2.74953125,-0.11328125,-0.499375,-0.9495312499999999,-1.53625,-2.2596875,-2.648125,-0.38609375,-0.8362499999999999,-1.42296875,-2.14640625,-2.53484375,-0.4501562499999999,-1.0368749999999998,-1.7603125,-2.1487499999999997,-0.58671875,-1.3101562500000001,-1.69859375,-0.7234375000000002,-1.111875,-0.38843749999999977
2012,Q3,,-0.022063492063492063,,-0.06174603174603174,-0.1023809523809524,-0.1782539682539683,-0.2671428571428571,-0.5893650793650793,-1.0003174603174603,-1.5617460317460319,-2.2853968253968255,-2.664444444444445,,,,,,,,,,,,,-0.03968253968253968,-0.08031746031746034,-0.15619047619047624,-0.2450793650793651,-0.5673015873015873,-0.9782539682539683,-1.5396825396825398,-2.263333333333333,-2.6423809523809525,,,,,,,,,,-0.04063492063492066,-0.11650793650793656,-0.2053968253968254,-0.5276190476190477,-0.9385714285714286,-1.5000000000000002,-2.2236507936507937,-2.602698412698413,-0.0758730158730159,-0.16476190476190475,-0.48698412698412696,-0.8979365079365079,-1.4593650793650794,-2.183015873015873,-2.5620634920634924,-0.08888888888888885,-0.41111111111111104,-0.8220634920634919,-1.3834920634920636,-2.107142857142857,-2.4861904761904765,-0.3222222222222222,-0.7331746031746031,-1.2946031746031748,-2.018253968253968,-2.3973015873015875,-0.41095238095238096,-0.9723809523809526,-1.696031746031746,-2.0750793650793655,-0.5614285714285716,-1.285079365079365,-1.6641269841269843,-0.7236507936507934,-1.1026984126984127,-0.3790476190476193
2012,Q4,,0.00180327868852459,,-0.04639344262295082,-0.08081967213114753,-0.1760655737704918,-0.2680327868852459,-0.598688524590164,-1.0278688524590165,-1.6155737704918032,-2.3636065573770493,-2.771639344262295,,,,,,,,,,,,,-0.04819672131147541,-0.08262295081967212,-0.1778688524590164,-0.2698360655737705,-0.6004918032786886,-1.029672131147541,-1.6173770491803277,-2.3654098360655738,-2.7734426229508196,,,,,,,,,,-0.03442622950819671,-0.12967213114754098,-0.22163934426229506,-0.5522950819672132,-0.9814754098360656,-1.5691803278688523,-2.3172131147540984,-2.725245901639344,-0.09524590163934427,-0.18721311475409835,-0.5178688524590165,-0.9470491803278689,-1.5347540983606556,-2.2827868852459017,-2.6908196721311475,-0.09196721311475409,-0.4226229508196722,-0.8518032786885246,-1.4395081967213113,-2.1875409836065574,-2.595573770491803,-0.33065573770491813,-0.7598360655737706,-1.3475409836065573,-2.095573770491803,-2.503606557377049,-0.4291803278688524,-1.016885245901639,-1.7649180327868852,-2.172950819672131,-0.5877049180327867,-1.3357377049180328,-1.7437704918032786,-0.7480327868852461,-1.156065573770492,-0.4080327868852458
2013,Q1,,-0.01783333333333334,,-0.04666666666666666,-0.08133333333333334,-0.1943333333333333,-0.32299999999999995,-0.7541666666666667,-1.2521666666666667,-1.8825,-2.679166666666667,-3.0661666666666667,,,,,,,,,,,,,-0.028833333333333322,-0.0635,-0.17649999999999996,-0.3051666666666666,-0.7363333333333333,-1.2343333333333333,-1.8646666666666667,-2.6613333333333338,-3.048333333333334,,,,,,,,,,-0.03466666666666668,-0.14766666666666664,-0.2763333333333333,-0.7075,-1.2055,-1.8358333333333334,-2.6325000000000003,-3.0195000000000003,-0.11299999999999996,-0.2416666666666666,-0.6728333333333333,-1.1708333333333334,-1.8011666666666668,-2.5978333333333334,-2.9848333333333334,-0.12866666666666665,-0.5598333333333334,-1.0578333333333334,-1.6881666666666668,-2.4848333333333334,-2.8718333333333335,-0.4311666666666667,-0.9291666666666667,-1.5595,-2.3561666666666667,-2.743166666666667,-0.498,-1.1283333333333334,-1.9250000000000003,-2.3120000000000003,-0.6303333333333334,-1.4270000000000003,-1.8140000000000003,-0.7966666666666669,-1.1836666666666669,-0.387
2013,Q2,,-0.016875,,-0.05281249999999999,-0.09328124999999998,-0.23546874999999998,-0.39875,-0.8746875000000001,-1.34765625,-1.9515625,-2.7404687500000002,-3.1059375,,,,,,,,,,,,,-0.03593749999999999,-0.07640624999999998,-0.21859374999999998,-0.38187499999999996,-0.8578125000000001,-1.33078125,-1.9346875000000001,-2.72359375,-3.0890625,,,,,,,,,,-0.04046875,-0.18265625,-0.3459375,-0.821875,-1.29484375,-1.8987500000000002,-2.6876562500000003,-3.053125,-0.1421875,-0.30546874999999996,-0.7814062500000001,-1.254375,-1.85828125,-2.6471875000000002,-3.01265625,-0.16328125,-0.6392187500000001,-1.1121875,-1.7160937500000002,-2.5050000000000003,-2.87046875,-0.47593750000000007,-0.9489062500000001,-1.5528125000000002,-2.34171875,-2.7071875,-0.47296874999999994,-1.076875,-1.8657812500000002,-2.23125,-0.6039062500000001,-1.3928125000000002,-1.75828125,-0.7889062500000001,-1.154375,-0.3654687499999998
2013,Q3,,-0.006874999999999999,,-0.03765625,-0.0971875,-0.340625,-0.681875,-1.4784374999999998,-2.09171875,-2.68125,-3.4125,-3.6890625,,,,,,,,,,,,,-0.030781250000000003,-0.09031249999999999,-0.33375000000000005,-0.6749999999999999,-1.4715624999999999,-2.08484375,-2.674375,-3.405625,-3.6821875,,,,,,,,,,-0.059531249999999994,-0.30296875,-0.64421875,-1.44078125,-2.0540625,-2.64359375,-3.37484375,-3.65140625,-0.24343750000000003,-0.5846875,-1.3812499999999999,-1.99453125,-2.5840625,-3.3153125,-3.591875,-0.34124999999999994,-1.1378125,-1.7510937500000001,-2.340625,-3.0718750000000004,-3.3484375,-0.7965625,-1.4098437500000003,-1.9993750000000001,-2.7306250000000003,-3.0071875,-0.6132812500000002,-1.2028125,-1.9340625000000002,-2.2106250000000003,-0.5895312499999998,-1.32078125,-1.5973437499999998,-0.7312500000000002,-1.0078125,-0.2765624999999998
2013,Q4,,-0.001774193548387093,,-0.03096774193548387,-0.06693548387096776,-0.2688709677419355,-0.5741935483870968,-1.3806451612903226,-2.0574193548387094,-2.685806451612903,-3.4429032258064516,-3.727741935483871,,,,,,,,,,,,,-0.029193548387096778,-0.06516129032258067,-0.2670967741935484,-0.5724193548387096,-1.3788709677419355,-2.0556451612903226,-2.684032258064516,-3.4411290322580648,-3.725967741935484,,,,,,,,,,-0.03596774193548388,-0.23790322580645162,-0.5432258064516129,-1.3496774193548386,-2.0264516129032257,-2.6548387096774193,-3.411935483870968,-3.696774193548387,-0.20193548387096774,-0.507258064516129,-1.3137096774193548,-1.990483870967742,-2.6188709677419353,-3.375967741935484,-3.660806451612903,-0.30532258064516127,-1.1117741935483871,-1.7885483870967742,-2.416935483870968,-3.1740322580645164,-3.4588709677419356,-0.8064516129032258,-1.4832258064516128,-2.111612903225806,-2.8687096774193552,-3.153548387096774,-0.6767741935483871,-1.3051612903225807,-2.0622580645161293,-2.3470967741935485,-0.6283870967741936,-1.3854838709677422,-1.6703225806451614,-0.7570967741935486,-1.0419354838709678,-0.2848387096774192
2014,Q1,,-0.011147540983606562,,-0.03786885245901638,-0.08229508196721311,-0.3365573770491803,-0.7257377049180328,-1.5652459016393443,-2.1908196721311475,-2.727213114754098,-3.380655737704918,-3.64672131147541,,,,,,,,,,,,,-0.02672131147540982,-0.07114754098360655,-0.3254098360655737,-0.7145901639344263,-1.5540983606557377,-2.179672131147541,-2.7160655737704915,-3.3695081967213114,-3.635573770491803,,,,,,,,,,-0.04442622950819673,-0.29868852459016393,-0.6878688524590164,-1.5273770491803278,-2.152950819672131,-2.689344262295082,-3.3427868852459017,-3.6088524590163935,-0.2542622950819672,-0.6434426229508197,-1.482950819672131,-2.1085245901639347,-2.6449180327868853,-3.298360655737705,-3.564426229508197,-0.38918032786885254,-1.228688524590164,-1.8542622950819674,-2.390655737704918,-3.0440983606557377,-3.3101639344262295,-0.8395081967213114,-1.4650819672131148,-2.0014754098360656,-2.6549180327868855,-2.9209836065573773,-0.6255737704918034,-1.161967213114754,-1.815409836065574,-2.0814754098360657,-0.5363934426229506,-1.1898360655737705,-1.4559016393442623,-0.6534426229508199,-0.9195081967213117,-0.2660655737704918
2014,Q2,,-0.008253968253968257,,-0.030476190476190476,-0.07825396825396826,-0.39476190476190476,-0.8471428571428571,-1.6328571428571428,-2.1698412698412697,-2.5961904761904764,-3.1531746031746035,-3.417777777777778,,,,,,,,,,,,,-0.02222222222222222,-0.07,-0.3865079365079365,-0.8388888888888888,-1.6246031746031746,-2.1615873015873013,-2.587936507936508,-3.144920634920635,-3.4095238095238094,,,,,,,,,,-0.04777777777777778,-0.36428571428571427,-0.8166666666666667,-1.6023809523809522,-2.139365079365079,-2.565714285714286,-3.122698412698413,-3.3873015873015873,-0.3165079365079365,-0.7688888888888888,-1.5546031746031745,-2.0915873015873014,-2.517936507936508,-3.0749206349206353,-3.3395238095238096,-0.45238095238095233,-1.2380952380952381,-1.7750793650793648,-2.2014285714285715,-2.7584126984126986,-3.023015873015873,-0.7857142857142857,-1.3226984126984127,-1.7490476190476194,-2.3060317460317465,-2.570634920634921,-0.5369841269841269,-0.9633333333333336,-1.5203174603174607,-1.784920634920635,-0.4263492063492067,-0.9833333333333338,-1.2479365079365081,-0.5569841269841271,-0.8215873015873014,-0.2646031746031743
2014,Q3,,-0.0045312500000000006,,-0.030156250000000002,-0.0875,-0.49312500000000004,-0.96203125,-1.6796875,-2.13625,-2.47765625,-2.98625,-3.2434374999999998,,,,,,,,,,,,,-0.025625000000000002,-0.08296875000000001,-0.48859375,-0.9575,-1.6751562500000001,-2.13171875,-2.473125,-2.98171875,-3.23890625,,,,,,,,,,-0.05734375,-0.46296875000000004,-0.931875,-1.6495312500000001,-2.10609375,-2.4475,-2.95609375,-3.2132812499999996,-0.405625,-0.87453125,-1.5921875,-2.04875,-2.39015625,-2.89875,-3.1559375,-0.46890624999999997,-1.1865625,-1.643125,-1.9845312499999999,-2.493125,-2.7503124999999997,-0.7176562500000001,-1.17421875,-1.515625,-2.02421875,-2.28140625,-0.4565625,-0.7979687499999999,-1.3065625,-1.5637499999999998,-0.3414062499999999,-0.8500000000000001,-1.1071874999999998,-0.5085937500000002,-0.7657812499999999,-0.2571874999999997
2014,Q4,,0.005806451612903229,,-0.047419354838709675,-0.12387096774193548,-0.5082258064516129,-0.9391935483870968,-1.5725806451612905,-1.9661290322580645,-2.2475806451612907,-2.6632258064516128,-2.937741935483871,,,,,,,,,,,,,-0.0532258064516129,-0.1296774193548387,-0.5140322580645161,-0.9450000000000001,-1.5783870967741938,-1.9719354838709677,-2.253387096774194,-2.669032258064516,-2.9435483870967745,,,,,,,,,,-0.0764516129032258,-0.46080645161290323,-0.8917741935483872,-1.5251612903225809,-1.9187096774193546,-2.200161290322581,-2.615806451612903,-2.8903225806451616,-0.38435483870967746,-0.8153225806451614,-1.4487096774193549,-1.8422580645161288,-2.123709677419355,-2.539354838709677,-2.8138709677419356,-0.43096774193548393,-1.0643548387096775,-1.4579032258064515,-1.7393548387096778,-2.155,-2.429516129032258,-0.6333870967741936,-1.0269354838709677,-1.3083870967741937,-1.7240322580645158,-1.9985483870967742,-0.393548387096774,-0.6750000000000003,-1.0906451612903223,-1.3651612903225807,-0.2814516129032263,-0.6970967741935483,-0.9716129032258067,-0.41564516129032203,-0.6901612903225804,-0.2745161290322584
2015,Q1,,-0.004918032786885247,,-0.06934426229508198,-0.20573770491803278,-0.5849180327868853,-0.95,-1.4375409836065574,-1.7496721311475412,-1.9491803278688524,-2.297704918032787,-2.5318032786885243,,,,,,,,,,,,,-0.06442622950819674,-0.20081967213114754,-0.58,-0.9450819672131147,-1.4326229508196722,-1.744754098360656,-1.9442622950819672,-2.292786885245902,-2.526885245901639,,,,,,,,,,-0.1363934426229508,-0.5155737704918033,-0.880655737704918,-1.3681967213114754,-1.6803278688524592,-1.8798360655737705,-2.2283606557377054,-2.4624590163934426,-0.3791803278688525,-0.7442622950819672,-1.2318032786885245,-1.5439344262295083,-1.7434426229508195,-2.0919672131147546,-2.326065573770492,-0.3650819672131147,-0.8526229508196721,-1.164754098360656,-1.3642622950819672,-1.712786885245902,-1.9468852459016392,-0.4875409836065574,-0.7996721311475412,-0.9991803278688525,-1.3477049180327874,-1.5818032786885245,-0.3121311475409838,-0.5116393442622951,-0.86016393442623,-1.0942622950819672,-0.19950819672131126,-0.5480327868852461,-0.7821311475409833,-0.3485245901639349,-0.5826229508196721,-0.2340983606557372
2015,Q2,,-0.0053124999999999995,,-0.07390625,-0.23734375,-0.5996875,-0.9559375,-1.5121875,-1.8940625,-2.15140625,-2.6087499999999997,-2.8690624999999996,,,,,,,,,,,,,-0.06859375000000001,-0.23203125,-0.594375,-0.9506249999999999,-1.506875,-1.88875,-2.1460937500000004,-2.6034375,-2.86375,,,,,,,,,,-0.16343749999999999,-0.52578125,-0.8820312499999999,-1.43828125,-1.82015625,-2.0775,-2.53484375,-2.79515625,-0.36234375,-0.7185937499999999,-1.27484375,-1.65671875,-1.9140625000000002,-2.3714062499999997,-2.6317187499999997,-0.35624999999999996,-0.9125,-1.294375,-1.55171875,-2.0090624999999998,-2.2693749999999997,-0.55625,-0.938125,-1.1954687500000003,-1.6528125,-1.913125,-0.38187499999999996,-0.6392187500000002,-1.0965624999999999,-1.3568749999999998,-0.2573437500000002,-0.7146874999999999,-0.9749999999999999,-0.4573437499999997,-0.7176562499999997,-0.26031249999999995
2015,Q3,,-0.01796875,,-0.14640625,-0.323125,-0.6678125,-0.99859375,-1.5310937500000001,-1.91890625,-2.1984375,-2.6209374999999997,-2.9353124999999998,,,,,,,,,,,,,-0.12843749999999998,-0.30515625,-0.64984375,-0.980625,-1.513125,-1.9009375,-2.18046875,-2.60296875,-2.91734375,,,,,,,,,,-0.17671875000000004,-0.5214062500000001,-0.8521874999999999,-1.3846875,-1.7725,-2.05203125,-2.47453125,-2.78890625,-0.3446875,-0.6754687499999998,-1.20796875,-1.59578125,-1.8753125,-2.2978125,-2.6121875,-0.3307812499999999,-0.8632812500000001,-1.25109375,-1.5306250000000001,-1.953125,-2.2675,-0.5325000000000002,-0.9203125000000001,-1.19984375,-1.62234375,-1.93671875,-0.3878124999999999,-0.6673437499999999,-1.0898437499999998,-1.4042187499999998,-0.27953125,-0.7020312499999999,-1.01640625,-0.4224999999999999,-0.736875,-0.31437500000000007
2015,Q4,,-0.037903225806451626,,-0.22854838709677422,-0.3796774193548387,-0.7506451612903227,-1.0496774193548388,-1.4966129032258064,-1.853064516129032,-2.1029032258064517,-2.5085483870967744,-2.8730645161290322,,,,,,,,,,,,,-0.1906451612903226,-0.34177419354838706,-0.712741935483871,-1.0117741935483873,-1.4587096774193549,-1.8151612903225804,-2.065,-2.4706451612903226,-2.8351612903225805,,,,,,,,,,-0.15112903225806446,-0.5220967741935484,-0.8211290322580647,-1.2680645161290323,-1.6245161290322578,-1.8743548387096773,-2.2800000000000002,-2.644516129032258,-0.37096774193548393,-0.6700000000000002,-1.1169354838709677,-1.4733870967741933,-1.7232258064516128,-2.1288709677419355,-2.4933870967741933,-0.2990322580645163,-0.7459677419354839,-1.1024193548387093,-1.3522580645161288,-1.7579032258064515,-2.1224193548387094,-0.4469354838709676,-0.8033870967741932,-1.0532258064516127,-1.4588709677419354,-1.8233870967741932,-0.3564516129032256,-0.6062903225806451,-1.0119354838709678,-1.3764516129032256,-0.2498387096774195,-0.6554838709677422,-1.02,-0.4056451612903227,-0.7701612903225805,-0.36451612903225783
2016,Q1,,-0.04442622950819672,,-0.20475409836065575,-0.33491803278688526,-0.5901639344262295,-0.7773770491803278,-1.1237704918032787,-1.4404918032786884,-1.6681967213114755,-2.0709836065573772,-2.472459016393443,,,,,,,,,,,,,-0.16032786885245903,-0.2904918032786885,-0.5457377049180328,-0.732950819672131,-1.079344262295082,-1.3960655737704917,-1.6237704918032787,-2.0265573770491807,-2.428032786885246,,,,,,,,,,-0.13016393442622948,-0.3854098360655737,-0.5726229508196721,-0.919016393442623,-1.2357377049180327,-1.4634426229508197,-1.8662295081967215,-2.267704918032787,-0.25524590163934424,-0.44245901639344254,-0.7888524590163934,-1.1055737704918032,-1.3332786885245902,-1.736065573770492,-2.1375409836065575,-0.1872131147540983,-0.5336065573770492,-0.8503278688524589,-1.078032786885246,-1.4808196721311477,-1.8822950819672133,-0.3463934426229509,-0.6631147540983606,-0.8908196721311477,-1.2936065573770494,-1.695081967213115,-0.3167213114754097,-0.5444262295081967,-0.9472131147540985,-1.348688524590164,-0.22770491803278703,-0.6304918032786888,-1.0319672131147544,-0.4027868852459018,-0.8042622950819673,-0.40147540983606556
2016,Q2,,-0.047500000000000014,,-0.1865625,-0.354375,-0.559375,-0.70421875,-1.02859375,-1.3231249999999999,-1.53828125,-1.9348437500000002,-2.3540625,,,,,,,,,,,,,-0.13906249999999998,-0.306875,-0.511875,-0.65671875,-0.98109375,-1.2756249999999998,-1.49078125,-1.8873437500000003,-2.3065625,,,,,,,,,,-0.16781250000000003,-0.3728125,-0.51765625,-0.84203125,-1.1365625,-1.35171875,-1.7482812500000002,-2.1675,-0.20499999999999996,-0.34984375,-0.67421875,-0.9687499999999999,-1.1839062500000002,-1.58046875,-1.9996874999999998,-0.14484375000000005,-0.46921875,-0.7637499999999999,-0.9789062500000001,-1.3754687500000002,-1.7946875,-0.32437499999999997,-0.6189062499999999,-0.8340625,-1.2306250000000003,-1.64984375,-0.2945312499999999,-0.5096875000000001,-0.9062500000000002,-1.32546875,-0.21515625000000016,-0.6117187500000003,-1.0309375,-0.39656250000000015,-0.8157812499999999,-0.41921874999999975
2016,Q3,,-0.05937499999999998,,-0.20093749999999996,-0.32046874999999997,-0.48921875000000004,-0.61078125,-0.8896875000000001,-1.1579687499999998,-1.32546875,-1.6709375,-2.04109375,,,,,,,,,,,,,-0.14156249999999998,-0.26109374999999996,-0.42984375,-0.5514062500000001,-0.8303125,-1.0985937499999998,-1.26609375,-1.6115625,-1.9817187499999998,,,,,,,,,,-0.11953124999999998,-0.28828125000000004,-0.40984375000000006,-0.6887500000000001,-0.9570312499999999,-1.12453125,-1.4700000000000002,-1.8401562499999997,-0.16875000000000007,-0.2903125000000001,-0.5692187500000001,-0.8374999999999999,-1.0050000000000001,-1.35046875,-1.7206249999999998,-0.12156250000000002,-0.40046875000000004,-0.6687499999999998,-0.83625,-1.18171875,-1.551875,-0.27890625,-0.5471874999999998,-0.7146875,-1.06015625,-1.4303124999999999,-0.2682812499999998,-0.43578125,-0.78125,-1.1514062499999997,-0.1675000000000002,-0.5129687500000002,-0.8831249999999999,-0.34546875,-0.7156249999999997,-0.37015624999999974
2016,Q4,,-0.10918032786885246,,-0.24327868852459011,-0.4316393442622951,-0.6854098360655738,-0.9145901639344263,-1.290655737704918,-1.611311475409836,-1.8145901639344262,-2.195409836065574,-2.5059016393442626,,,,,,,,,,,,,-0.13409836065573766,-0.32245901639344265,-0.5762295081967214,-0.8054098360655738,-1.1814754098360654,-1.5021311475409838,-1.7054098360655736,-2.086229508196721,-2.39672131147541,,,,,,,,,,-0.188360655737705,-0.4421311475409837,-0.6713114754098362,-1.0473770491803278,-1.368032786885246,-1.571311475409836,-1.9521311475409835,-2.2626229508196722,-0.2537704918032787,-0.48295081967213116,-0.8590163934426228,-1.1796721311475409,-1.3829508196721312,-1.7637704918032786,-2.0742622950819674,-0.22918032786885245,-0.6052459016393441,-0.9259016393442623,-1.1291803278688524,-1.5099999999999998,-1.8204918032786885,-0.37606557377049166,-0.6967213114754098,-0.8999999999999999,-1.2808196721311473,-1.591311475409836,-0.3206557377049182,-0.5239344262295083,-0.9047540983606557,-1.2152459016393444,-0.20327868852459008,-0.5840983606557375,-0.8945901639344263,-0.3808196721311474,-0.6913114754098362,-0.31049180327868875
2017,Q1,,-0.05258064516129024,,-0.17419354838709666,-0.3390322580645162,-0.6908064516129032,-0.9629032258064515,-1.3943548387096771,-1.7019354838709675,-1.8930645161290323,-2.2301612903225805,-2.4925806451612904,,,,,,,,,,,,,-0.12161290322580642,-0.28645161290322596,-0.638225806451613,-0.9103225806451613,-1.3417741935483871,-1.6493548387096775,-1.8404838709677422,-2.1775806451612905,-2.4400000000000004,,,,,,,,,,-0.16483870967741954,-0.5166129032258066,-0.7887096774193548,-1.2201612903225807,-1.527741935483871,-1.7188709677419358,-2.055967741935484,-2.318387096774194,-0.351774193548387,-0.6238709677419353,-1.0553225806451612,-1.3629032258064515,-1.5540322580645163,-1.8911290322580645,-2.1535483870967744,-0.2720967741935483,-0.703548387096774,-1.0111290322580644,-1.2022580645161292,-1.5393548387096774,-1.8017741935483873,-0.43145161290322576,-0.7390322580645161,-0.9301612903225809,-1.267258064516129,-1.529677419354839,-0.30758064516129036,-0.4987096774193551,-0.8358064516129033,-1.0982258064516133,-0.19112903225806477,-0.528225806451613,-0.7906451612903229,-0.3370967741935482,-0.5995161290322581,-0.26241935483870993
2017,Q2,,-0.13507936507936502,,-0.262063492063492,-0.3526984126984126,-0.5246031746031746,-0.699047619047619,-1.038095238095238,-1.2995238095238095,-1.487936507936508,-1.85984126984127,-2.123968253968254,,,,,,,,,,,,,-0.12698412698412698,-0.2176190476190476,-0.3895238095238096,-0.563968253968254,-0.903015873015873,-1.1644444444444444,-1.3528571428571428,-1.724761904761905,-1.988888888888889,,,,,,,,,,-0.09063492063492062,-0.26253968253968263,-0.43698412698412703,-0.7760317460317461,-1.0374603174603174,-1.2258730158730158,-1.597777777777778,-1.861904761904762,-0.171904761904762,-0.3463492063492064,-0.6853968253968254,-0.9468253968253968,-1.1352380952380952,-1.5071428571428573,-1.7712698412698413,-0.1744444444444444,-0.5134920634920634,-0.7749206349206348,-0.9633333333333332,-1.3352380952380953,-1.5993650793650793,-0.33904761904761904,-0.6004761904761904,-0.7888888888888888,-1.160793650793651,-1.424920634920635,-0.26142857142857134,-0.4498412698412697,-0.8217460317460319,-1.0858730158730159,-0.18841269841269837,-0.5603174603174605,-0.8244444444444445,-0.3719047619047622,-0.6360317460317462,-0.264126984126984
2017,Q3,,-0.07222222222222219,,-0.16047619047619022,-0.26174603174603184,-0.38095238095238093,-0.5284126984126984,-0.8317460317460317,-1.0807936507936509,-1.2596825396825397,-1.5946031746031744,-1.8357142857142859,,,,,,,,,,,,,-0.08825396825396803,-0.18952380952380965,-0.30873015873015874,-0.45619047619047626,-0.7595238095238095,-1.0085714285714287,-1.1874603174603175,-1.5223809523809522,-1.7634920634920637,,,,,,,,,,-0.10126984126984162,-0.22047619047619071,-0.36793650793650823,-0.6712698412698415,-0.9203174603174606,-1.0992063492063495,-1.4341269841269841,-1.6752380952380956,-0.1192063492063491,-0.2666666666666666,-0.5699999999999998,-0.819047619047619,-0.9979365079365079,-1.3328571428571425,-1.573968253968254,-0.1474603174603175,-0.45079365079365075,-0.6998412698412699,-0.8787301587301588,-1.2136507936507934,-1.454761904761905,-0.30333333333333323,-0.5523809523809524,-0.7312698412698413,-1.066190476190476,-1.3073015873015874,-0.24904761904761918,-0.42793650793650806,-0.7628571428571427,-1.0039682539682542,-0.17888888888888888,-0.5138095238095235,-0.754920634920635,-0.3349206349206346,-0.5760317460317461,-0.2411111111111115
2017,Q4,,-0.13177419354838715,,-0.2812903225806451,-0.455483870967742,-0.5995161290322581,-0.7180645161290324,-0.9743548387096772,-1.153225806451613,-1.2766129032258067,-1.5216129032258063,-1.7219354838709675,,,,,,,,,,,,,-0.14951612903225797,-0.32370967741935486,-0.467741935483871,-0.5862903225806453,-0.84258064516129,-1.0214516129032258,-1.1448387096774195,-1.3898387096774192,-1.5901612903225804,,,,,,,,,,-0.17419354838709689,-0.318225806451613,-0.4367741935483873,-0.6930645161290321,-0.8719354838709679,-0.9953225806451615,-1.2403225806451612,-1.4406451612903224,-0.14403225806451614,-0.2625806451612904,-0.5188709677419352,-0.697741935483871,-0.8211290322580647,-1.0661290322580643,-1.2664516129032255,-0.11854838709677429,-0.37483870967741906,-0.5537096774193548,-0.6770967741935485,-0.9220967741935482,-1.1224193548387094,-0.25629032258064477,-0.43516129032258055,-0.5585483870967742,-0.8035483870967739,-1.003870967741935,-0.17887096774193578,-0.30225806451612947,-0.5472580645161291,-0.7475806451612903,-0.12338709677419368,-0.36838709677419335,-0.5687096774193545,-0.24499999999999966,-0.44532258064516084,-0.20032258064516117
2018,Q1,,-0.1411475409836065,,-0.3329508196721309,-0.5014754098360654,-0.7195081967213113,-0.8657377049180328,-1.0939344262295079,-1.2429508196721313,-1.3175409836065575,-1.4636065573770491,-1.5891803278688525,,,,,,,,,,,,,-0.19180327868852443,-0.36032786885245893,-0.5783606557377048,-0.7245901639344263,-0.9527868852459014,-1.1018032786885248,-1.176393442622951,-1.3224590163934427,-1.448032786885246,,,,,,,,,,-0.1685245901639345,-0.38655737704918036,-0.5327868852459019,-0.760983606557377,-0.9100000000000004,-0.9845901639344266,-1.1306557377049182,-1.2562295081967216,-0.21803278688524586,-0.3642622950819674,-0.5924590163934425,-0.7414754098360659,-0.816065573770492,-0.9621311475409837,-1.0877049180327871,-0.14622950819672154,-0.3744262295081966,-0.52344262295082,-0.5980327868852462,-0.7440983606557379,-0.8696721311475413,-0.22819672131147506,-0.37721311475409847,-0.45180327868852466,-0.5978688524590163,-0.7234426229508197,-0.1490163934426234,-0.2236065573770496,-0.36967213114754127,-0.4952459016393447,-0.07459016393442619,-0.22065573770491786,-0.34622950819672127,-0.14606557377049167,-0.2716393442622951,-0.1255737704918034
2018,Q2,,-0.1507812500000001,,-0.3314062499999999,-0.5282812499999998,-0.753125,-0.8851562499999999,-1.04171875,-1.15015625,-1.1967187499999998,-1.27328125,-1.3614062500000002,,,,,,,,,,,,,-0.1806249999999998,-0.3774999999999997,-0.60234375,-0.7343749999999998,-0.8909374999999999,-0.9993749999999999,-1.0459374999999997,-1.1224999999999998,-1.210625,,,,,,,,,,-0.1968749999999999,-0.42171875000000014,-0.55375,-0.7103125000000001,-0.8187500000000001,-0.8653124999999999,-0.941875,-1.0300000000000002,-0.22484375000000023,-0.35687500000000005,-0.5134375000000002,-0.6218750000000002,-0.6684375,-0.7450000000000001,-0.8331250000000003,-0.13203124999999982,-0.28859375,-0.39703124999999995,-0.4435937499999998,-0.5201562499999999,-0.6082812500000001,-0.15656250000000016,-0.2650000000000001,-0.31156249999999996,-0.38812500000000005,-0.4762500000000003,-0.10843749999999996,-0.1549999999999998,-0.2315624999999999,-0.3196875000000001,-0.04656249999999984,-0.12312499999999993,-0.21125000000000016,-0.07656250000000009,-0.16468750000000032,-0.08812500000000023
2018,Q3,,-0.12063492063492043,,-0.29428571428571426,-0.5061904761904763,-0.7119047619047618,-0.7895238095238095,-0.8550793650793651,-0.9282539682539681,-0.9698412698412697,-1.0423809523809526,-1.109047619047619,,,,,,,,,,,,,-0.17365079365079383,-0.3855555555555559,-0.5912698412698414,-0.6688888888888891,-0.7344444444444447,-0.8076190476190477,-0.8492063492063493,-0.9217460317460322,-0.9884126984126986,,,,,,,,,,-0.21190476190476204,-0.41761904761904756,-0.49523809523809526,-0.5607936507936508,-0.6339682539682538,-0.6755555555555555,-0.7480952380952384,-0.8147619047619048,-0.20571428571428552,-0.2833333333333332,-0.3488888888888888,-0.4220634920634918,-0.4636507936507934,-0.5361904761904763,-0.6028571428571428,-0.0776190476190477,-0.1431746031746033,-0.2163492063492063,-0.2579365079365079,-0.3304761904761908,-0.39714285714285724,-0.06555555555555559,-0.1387301587301586,-0.1803174603174602,-0.2528571428571431,-0.31952380952380954,-0.073174603174603,-0.11476190476190462,-0.18730158730158752,-0.25396825396825395,-0.04158730158730162,-0.11412698412698452,-0.18079365079365095,-0.0725396825396829,-0.13920634920634933,-0.06666666666666643
2018,Q4,-0.0779234972677596,-0.10131147540983587,,-0.24737704918032755,-0.41278688524590157,-0.5473770491803278,-0.5888524590163935,-0.6281967213114754,-0.7111475409836068,-0.7857377049180325,-0.9211475409836067,-1.0152459016393438,-0.02338797814207627,,-0.16945355191256795,-0.33486338797814197,-0.4694535519125682,-0.5109289617486339,-0.5502732240437158,-0.6332240437158472,-0.7078142076502729,-0.8432240437158471,-0.9373224043715842,,-0.14606557377049167,-0.3114754098360657,-0.44606557377049194,-0.4875409836065576,-0.5268852459016395,-0.6098360655737709,-0.6844262295081966,-0.8198360655737709,-0.9139344262295079,,,,,,,,,,-0.16540983606557402,-0.30000000000000027,-0.34147540983606595,-0.38081967213114787,-0.46377049180327923,-0.538360655737705,-0.6737704918032792,-0.7678688524590163,-0.13459016393442624,-0.17606557377049192,-0.21540983606557385,-0.2983606557377052,-0.37295081967213095,-0.5083606557377052,-0.6024590163934422,-0.04147540983606568,-0.0808196721311476,-0.16377049180327896,-0.2383606557377047,-0.3737704918032789,-0.467868852459016,-0.03934426229508192,-0.12229508196721328,-0.19688524590163903,-0.33229508196721325,-0.4263934426229503,-0.08295081967213136,-0.1575409836065571,-0.2929508196721313,-0.3870491803278684,-0.07459016393442575,-0.20999999999999996,-0.30409836065573703,-0.13540983606557422,-0.2295081967213113,-0.09409836065573707
2019,Q1,-0.0062295081967209676,-0.011803278688524266,,-0.07836065573770457,-0.11295081967213072,-0.05836065573770499,-0.028688524590163578,-0.03819672131147556,-0.12360655737704906,-0.22622950819672116,-0.42573770491803264,-0.5850819672131147,-0.005573770491803298,,-0.0721311475409836,-0.10672131147540975,-0.052131147540984024,-0.02245901639344261,-0.03196721311475459,-0.1173770491803281,-0.2200000000000002,-0.4195081967213117,-0.5788524590163937,,-0.0665573770491803,-0.10114754098360645,-0.046557377049180726,-0.016885245901639312,-0.02639344262295129,-0.1118032786885248,-0.2144262295081969,-0.4139344262295084,-0.5732786885245904,,,,,,,,,,-0.034590163934426155,0.019999999999999574,0.04967213114754099,0.04016393442622901,-0.0452459016393445,-0.1478688524590166,-0.3473770491803281,-0.5067213114754101,0.05459016393442573,0.08426229508196714,0.07475409836065516,-0.010655737704918344,-0.11327868852459044,-0.3127868852459019,-0.47213114754098395,0.029672131147541414,0.020163934426229435,-0.06524590163934407,-0.16786885245901617,-0.36737704918032765,-0.5267213114754097,-0.009508196721311979,-0.09491803278688549,-0.19754098360655759,-0.39704918032786907,-0.5563934426229511,-0.08540983606557351,-0.1880327868852456,-0.3875409836065571,-0.5468852459016391,-0.1026229508196721,-0.3021311475409836,-0.4614754098360656,-0.19950819672131148,-0.3588524590163935,-0.15934426229508203
2019,Q2,-0.0073015873015873645,-0.003968253968253954,,-0.004285714285714448,0.09190476190476193,0.22285714285714286,0.2625396825396824,0.22968253968253993,0.12587301587301614,0.011904761904761862,-0.23904761904761873,-0.43063492063492026,0.0033333333333334103,,0.0030158730158729163,0.0992063492063493,0.23015873015873023,0.26984126984126977,0.2369841269841273,0.1331746031746035,0.019206349206349227,-0.23174603174603137,-0.4233333333333329,,-0.00031746031746049397,0.09587301587301589,0.22682539682539682,0.26650793650793636,0.2336507936507939,0.1298412698412701,0.015873015873015817,-0.23507936507936478,-0.4266666666666663,,,,,,,,,,0.09619047619047638,0.2271428571428573,0.26682539682539685,0.23396825396825438,0.13015873015873058,0.01619047619047631,-0.23476190476190428,-0.4263492063492058,0.13095238095238093,0.17063492063492047,0.137777777777778,0.0339682539682542,-0.08000000000000007,-0.33095238095238066,-0.5225396825396822,0.03968253968253954,0.006825396825397068,-0.09698412698412673,-0.210952380952381,-0.4619047619047616,-0.6534920634920631,-0.032857142857142474,-0.13666666666666627,-0.25063492063492054,-0.5015873015873011,-0.6931746031746027,-0.1038095238095238,-0.21777777777777807,-0.46873015873015866,-0.6603174603174602,-0.11396825396825427,-0.36492063492063487,-0.5565079365079364,-0.2509523809523806,-0.4425396825396821,-0.19158730158730153
2019,Q3,0.016093749999999574,0.04546874999999995,,0.10109374999999976,0.22656249999999978,0.38562499999999966,0.43890624999999983,0.4429687499999997,0.3618749999999997,0.27359374999999986,-0.011562500000000142,-0.21562500000000018,0.029375000000000373,,0.08500000000000019,0.2104687500000002,0.3695312500000001,0.42281250000000026,0.4268750000000001,0.34578125000000015,0.2575000000000003,-0.027656249999999716,-0.23171874999999975,,0.055624999999999813,0.18109374999999983,0.3401562499999997,0.3934374999999999,0.39749999999999974,0.3164062499999998,0.2281249999999999,-0.05703125000000009,-0.2610937500000001,,,,,,,,,,0.12546875000000002,0.2845312499999999,0.33781250000000007,0.34187499999999993,0.26078124999999996,0.1725000000000001,-0.1126562499999999,-0.31671874999999994,0.15906249999999988,0.21234375000000005,0.2164062499999999,0.13531249999999995,0.04703125000000008,-0.23812499999999992,-0.44218749999999996,0.05328125000000017,0.05734375000000003,-0.023749999999999938,-0.1120312499999998,-0.3971874999999998,-0.6012499999999998,0.004062499999999858,-0.0770312500000001,-0.16531249999999997,-0.45046875,-0.65453125,-0.08109374999999996,-0.16937499999999983,-0.45453124999999983,-0.6585937499999999,-0.08828124999999987,-0.37343749999999987,-0.5774999999999999,-0.28515625,-0.48921875000000004,-0.20406250000000004
2019,Q4,0.006129032258064493,0.015483870967741842,,0.009516129032257847,0.047258064516128906,0.03193548387096756,0.0333870967741936,0.009677419354838568,-0.08983870967741936,-0.16887096774193533,-0.47129032258064507,-0.6312903225806452,0.009354838709677349,,0.0033870967741933544,0.04112903225806441,0.02580645161290307,0.02725806451612911,0.003548387096774075,-0.09596774193548385,-0.17499999999999982,-0.47741935483870956,-0.6374193548387097,,-0.0059677419354839945,0.031774193548387064,0.01645161290322572,0.01790322580645176,-0.005806451612903274,-0.1053225806451612,-0.18435483870967717,-0.4867741935483869,-0.646774193548387,,,,,,,,,,0.03774193548387106,0.022419354838709715,0.023870967741935756,0.0001612903225807205,-0.0993548387096772,-0.17838709677419318,-0.4808064516129029,-0.6408064516129031,-0.015322580645161343,-0.013870967741935303,-0.03758064516129034,-0.13709677419354827,-0.21612903225806424,-0.518548387096774,-0.6785483870967741,0.0014516129032260405,-0.022258064516128995,-0.12177419354838692,-0.2008064516129029,-0.5032258064516126,-0.6632258064516128,-0.023709677419355035,-0.12322580645161296,-0.20225806451612893,-0.5046774193548387,-0.6646774193548388,-0.09951612903225793,-0.1785483870967739,-0.48096774193548364,-0.6409677419354838,-0.07903225806451597,-0.3814516129032257,-0.5414516129032259,-0.30241935483870974,-0.4624193548387099,-0.16000000000000014
2020,Q1,0.0037096774193545734,0.029838709677419306,,0.03629032258064524,0.06612903225806432,0.05241935483870974,0.04048387096774175,-0.01096774193548411,-0.1446774193548388,-0.23112903225806458,-0.5661290322580648,-0.7369354838709676,0.026129032258064733,,0.03258064516129067,0.06241935483870975,0.04870967741935517,0.03677419354838718,-0.014677419354838683,-0.14838709677419337,-0.23483870967741916,-0.5698387096774193,-0.7406451612903222,,0.006451612903225934,0.03629032258064502,0.022580645161290436,0.010645161290322447,-0.040806451612903416,-0.1745161290322581,-0.2609677419354839,-0.5959677419354841,-0.7667741935483869,,,,,,,,,,0.029838709677419084,0.016129032258064502,0.004193548387096513,-0.04725806451612935,-0.18096774193548404,-0.2674193548387098,-0.60241935483871,-0.7732258064516129,-0.013709677419354582,-0.02564516129032257,-0.07709677419354843,-0.21080645161290312,-0.2972580645161289,-0.6322580645161291,-0.803064516129032,-0.011935483870967989,-0.06338709677419385,-0.19709677419354854,-0.2835483870967743,-0.6185483870967745,-0.7893548387096774,-0.05145161290322586,-0.18516129032258055,-0.27161290322580633,-0.6066129032258065,-0.7774193548387094,-0.1337096774193547,-0.22016129032258047,-0.5551612903225807,-0.7259677419354835,-0.08645161290322578,-0.42145161290322597,-0.5922580645161288,-0.3350000000000002,-0.505806451612903,-0.17080645161290287
2020,Q2,-0.017936507936507917,-0.02888888888888888,,-0.0546031746031746,-0.06095238095238095,-0.08031746031746032,-0.12746031746031744,-0.24412698412698414,-0.4287301587301587,-0.5742857142857143,-1.0406349206349208,-1.2674603174603174,-0.010952380952380963,,-0.03666666666666668,-0.043015873015873035,-0.0623809523809524,-0.10952380952380952,-0.22619047619047622,-0.41079365079365077,-0.5563492063492064,-1.0226984126984129,-1.2495238095238095,,-0.025714285714285717,-0.03206349206349207,-0.051428571428571435,-0.09857142857142856,-0.21523809523809526,-0.3998412698412698,-0.5453968253968253,-1.0117460317460318,-1.2385714285714284,,,,,,,,,,-0.006349206349206354,-0.025714285714285717,-0.07285714285714284,-0.18952380952380954,-0.3741269841269841,-0.5196825396825396,-0.9860317460317461,-1.2128571428571426,-0.019365079365079363,-0.06650793650793649,-0.18317460317460318,-0.36777777777777776,-0.5133333333333333,-0.9796825396825398,-1.2065079365079363,-0.047142857142857125,-0.16380952380952382,-0.3484126984126984,-0.49396825396825395,-0.9603174603174605,-1.187142857142857,-0.1166666666666667,-0.30126984126984124,-0.4468253968253968,-0.9131746031746033,-1.14,-0.18460317460317455,-0.3301587301587301,-0.7965079365079366,-1.0233333333333332,-0.14555555555555555,-0.6119047619047621,-0.8387301587301587,-0.4663492063492065,-0.6931746031746031,-0.2268253968253966
2020,Q3,-0.011874999999999997,-0.02062499999999999,,-0.033906249999999985,-0.04187500000000001,-0.04812499999999999,-0.07171874999999998,-0.17890625,-0.36953125,-0.5578125,-1.05171875,-1.27015625,-0.008749999999999994,,-0.02203124999999999,-0.030000000000000013,-0.03624999999999999,-0.05984374999999999,-0.16703125000000002,-0.35765625,-0.5459375,-1.03984375,-1.25828125,,-0.013281249999999994,-0.02125000000000002,-0.027499999999999997,-0.05109374999999999,-0.15828125,-0.34890625,-0.5371875,-1.03109375,-1.24953125,,,,,,,,,,-0.007968750000000024,-0.014218750000000002,-0.0378125,-0.14500000000000002,-0.335625,-0.52390625,-1.0178125,-1.23625,-0.006249999999999978,-0.029843749999999974,-0.13703125,-0.32765625,-0.5159374999999999,-1.00984375,-1.22828125,-0.023593749999999997,-0.13078125000000002,-0.32140625,-0.5096875000000001,-1.00359375,-1.2220312500000001,-0.10718750000000002,-0.29781250000000004,-0.48609375,-0.98,-1.1984375,-0.190625,-0.37890625,-0.8728125,-1.09125,-0.18828125,-0.6821875,-0.900625,-0.49390625,-0.71234375,-0.21843750000000006
2020,Q4,-0.0049999999999999906,-0.009838709677419344,,-0.0196774193548387,-0.031451612903225803,-0.06661290322580646,-0.11338709677419354,-0.2864516129032258,-0.5325806451612904,-0.7814516129032258,-1.320967741935484,-1.5359677419354838,-0.004838709677419353,,-0.014677419354838711,-0.026451612903225813,-0.06161290322580647,-0.10838709677419354,-0.2814516129032258,-0.5275806451612904,-0.7764516129032258,-1.3159677419354838,-1.5309677419354837,,-0.009838709677419358,-0.02161290322580646,-0.056774193548387114,-0.10354838709677419,-0.27661290322580645,-0.522741935483871,-0.7716129032258064,-1.3111290322580644,-1.5261290322580643,,,,,,,,,,-0.011774193548387102,-0.046935483870967756,-0.09370967741935483,-0.2667741935483871,-0.5129032258064516,-0.761774193548387,-1.3012903225806451,-1.516290322580645,-0.035161290322580654,-0.08193548387096773,-0.255,-0.5011290322580646,-0.75,-1.289516129032258,-1.504516129032258,-0.04677419354838708,-0.21983870967741934,-0.46596774193548396,-0.7148387096774194,-1.2543548387096775,-1.4693548387096773,-0.17306451612903226,-0.4191935483870969,-0.6680645161290323,-1.2075806451612903,-1.4225806451612901,-0.2461290322580646,-0.495,-1.0345161290322582,-1.249516129032258,-0.2488709677419354,-0.7883870967741935,-1.0033870967741934,-0.5395161290322581,-0.754516129032258,-0.21499999999999986
2021,Q1,-0.0029508196721311497,-0.007049180327868859,,-0.02213114754098361,-0.03836065573770492,-0.08803278688524592,-0.20377049180327872,-0.5739344262295083,-0.957377049180328,-1.2918032786885245,-1.8926229508196721,-2.0424590163934426,-0.0040983606557377095,,-0.01918032786885246,-0.03540983606557377,-0.08508196721311477,-0.20081967213114754,-0.5709836065573771,-0.9544262295081968,-1.2888524590163934,-1.889672131147541,-2.0395081967213113,,-0.01508196721311475,-0.03131147540983606,-0.08098360655737706,-0.19672131147540983,-0.5668852459016395,-0.9503278688524591,-1.2847540983606556,-1.8855737704918032,-2.0354098360655737,,,,,,,,,,-0.01622950819672131,-0.06590163934426231,-0.1816393442622951,-0.5518032786885246,-0.9352459016393443,-1.269672131147541,-1.8704918032786886,-2.020327868852459,-0.049672131147541,-0.1654098360655738,-0.5355737704918033,-0.919016393442623,-1.2534426229508195,-1.8542622950819672,-2.0040983606557377,-0.11573770491803279,-0.48590163934426234,-0.869344262295082,-1.2037704918032786,-1.8045901639344262,-1.9544262295081967,-0.3701639344262296,-0.7536065573770492,-1.0880327868852457,-1.6888524590163934,-1.8386885245901639,-0.38344262295081966,-0.7178688524590162,-1.3186885245901638,-1.4685245901639343,-0.33442622950819656,-0.9352459016393442,-1.0850819672131147,-0.6008196721311476,-0.7506557377049181,-0.1498360655737705
2021,Q2,-0.0031249999999999993,-0.0078125,,-0.024374999999999997,-0.04234375,-0.15687500000000001,-0.33671875,-0.82328125,-1.2559375,-1.5734375,-2.15,-2.2406249999999996,-0.004687500000000001,,-0.021249999999999998,-0.039218750000000004,-0.15375,-0.33359375,-0.8201562499999999,-1.2528124999999999,-1.5703125,-2.146875,-2.2375,,-0.016562499999999997,-0.03453125,-0.14906250000000001,-0.32890625,-0.81546875,-1.248125,-1.565625,-2.1421875,-2.2328124999999996,,,,,,,,,,-0.017968750000000006,-0.1325,-0.31234375000000003,-0.7989062499999999,-1.2315625,-1.5490625,-2.1256250000000003,-2.21625,-0.11453125,-0.294375,-0.7809375,-1.2135937499999998,-1.5310937500000001,-2.1076562500000002,-2.19828125,-0.17984375,-0.66640625,-1.0990624999999998,-1.4165625,-1.993125,-2.0837499999999998,-0.48656249999999995,-0.91921875,-1.23671875,-1.8132812500000002,-1.90390625,-0.43265624999999996,-0.7501562500000001,-1.3267187500000002,-1.41734375,-0.3175000000000001,-0.8940625000000002,-0.9846874999999999,-0.5765625000000001,-0.6671874999999998,-0.09062499999999973
2021,Q3,-0.0037500000000000033,-0.0015625000000000014,,-0.005624999999999998,-0.02734375,-0.17765625000000002,-0.38312500000000005,-0.7515625,-1.0509375,-1.2767187500000001,-1.8090625,-1.88328125,0.002187500000000002,,-0.0018749999999999947,-0.023593749999999997,-0.17390625,-0.379375,-0.7478125,-1.0471875000000002,-1.27296875,-1.8053124999999999,-1.8795312499999999,,-0.004062499999999997,-0.02578125,-0.17609375000000002,-0.3815625,-0.75,-1.049375,-1.27515625,-1.8074999999999999,-1.8817187499999999,,,,,,,,,,-0.021718750000000002,-0.17203125000000002,-0.3775,-0.7459375,-1.0453125,-1.2710937500000001,-1.8034375,-1.87765625,-0.15031250000000002,-0.35578125000000005,-0.72421875,-1.02359375,-1.2493750000000001,-1.78171875,-1.8559375,-0.20546875,-0.57390625,-0.87328125,-1.0990625,-1.63140625,-1.705625,-0.3684375,-0.6678125,-0.8935937500000001,-1.4259374999999999,-1.5001562499999999,-0.29937500000000006,-0.5251562500000001,-1.0575,-1.13171875,-0.22578125000000004,-0.7581249999999999,-0.8323437499999999,-0.5323437499999999,-0.6065624999999999,-0.07421875
2021,Q4,-0.003548387096774186,0.00016129032258065112,,-0.04064516129032258,-0.14596774193548387,-0.4774193548387096,-0.7641935483870969,-1.1266129032258063,-1.360322580645161,-1.4790322580645159,-1.9106451612903226,-1.89,0.003709677419354837,,-0.03709677419354839,-0.14241935483870968,-0.47387096774193543,-0.7606451612903227,-1.1230645161290322,-1.356774193548387,-1.4754838709677418,-1.9070967741935485,-1.8864516129032258,,-0.04080645161290323,-0.1461290322580645,-0.4775806451612903,-0.7643548387096775,-1.126774193548387,-1.3604838709677418,-1.4791935483870966,-1.9108064516129033,-1.8901612903225806,,,,,,,,,,-0.10532258064516128,-0.4367741935483871,-0.7235483870967743,-1.0859677419354838,-1.3196774193548386,-1.4383870967741934,-1.87,-1.8493548387096774,-0.3314516129032258,-0.618225806451613,-0.9806451612903225,-1.2143548387096774,-1.3330645161290322,-1.7646774193548387,-1.7440322580645162,-0.2867741935483872,-0.6491935483870968,-0.8829032258064515,-1.0016129032258063,-1.433225806451613,-1.4125806451612903,-0.3624193548387096,-0.5961290322580644,-0.7148387096774191,-1.1464516129032258,-1.1258064516129032,-0.23370967741935478,-0.35241935483870956,-0.7840322580645163,-0.7633870967741936,-0.11870967741935479,-0.5503225806451615,-0.5296774193548388,-0.4316129032258067,-0.410967741935484,0.020645161290322678
2022,Q1,-0.09306451612903227,-0.21612903225806449,,-0.5248387096774193,-0.8870967741935484,-1.371290322580645,-1.5893548387096772,-1.7406451612903227,-1.840322580645161,-1.8579032258064516,-2.240806451612903,-2.165161290322581,-0.12306451612903221,,-0.4317741935483871,-0.7940322580645162,-1.2782258064516128,-1.496290322580645,-1.6475806451612904,-1.7472580645161289,-1.7648387096774194,-2.1477419354838707,-2.0720967741935485,,-0.30870967741935484,-0.6709677419354839,-1.1551612903225805,-1.3732258064516127,-1.5245161290322582,-1.6241935483870966,-1.6417741935483872,-2.0246774193548385,-1.9490322580645165,,,,,,,,,,-0.3622580645161291,-0.8464516129032257,-1.064516129032258,-1.2158064516129032,-1.3154838709677419,-1.3330645161290322,-1.7159677419354837,-1.6403225806451616,-0.4841935483870966,-0.7022580645161288,-0.8535483870967743,-0.9532258064516127,-0.9708064516129032,-1.3537096774193547,-1.2780645161290325,-0.21806451612903222,-0.36935483870967767,-0.4690322580645161,-0.48661290322580664,-0.8695161290322582,-0.793870967741936,-0.15129032258064545,-0.2509677419354839,-0.2685483870967744,-0.651451612903226,-0.5758064516129038,-0.09967741935483843,-0.11725806451612897,-0.5001612903225805,-0.4245161290322583,-0.017580645161290542,-0.4004838709677421,-0.3248387096774199,-0.38290322580645153,-0.30725806451612936,0.07564516129032217
2022,Q2,-0.2633870967741936,-0.44983870967741946,,-0.9927419354838711,-1.5504838709677418,-2.0666129032258063,-2.2353225806451613,-2.2961290322580648,-2.323387096774194,-2.278709677419355,-2.593225806451613,-2.390967741935484,-0.18645161290322587,,-0.7293548387096775,-1.2870967741935482,-1.8032258064516127,-1.9719354838709677,-2.0327419354838714,-2.0600000000000005,-2.0153225806451616,-2.3298387096774196,-2.1275806451612906,,-0.5429032258064517,-1.1006451612903223,-1.6167741935483868,-1.7854838709677419,-1.8462903225806453,-1.8735483870967744,-1.8288709677419355,-2.1433870967741937,-1.9411290322580645,,,,,,,,,,-0.5577419354838706,-1.0738709677419351,-1.2425806451612902,-1.3033870967741936,-1.3306451612903227,-1.2859677419354838,-1.6004838709677418,-1.3982258064516129,-0.5161290322580645,-0.6848387096774196,-0.745645161290323,-0.7729032258064521,-0.7282258064516132,-1.0427419354838712,-0.8404838709677422,-0.16870967741935505,-0.2295161290322585,-0.2567741935483876,-0.21209677419354867,-0.5266129032258067,-0.32435483870967774,-0.060806451612903434,-0.08806451612903254,-0.04338709677419361,-0.3579032258064516,-0.1556451612903227,-0.02725806451612911,0.017419354838709822,-0.2970967741935482,-0.09483870967741925,0.04467741935483893,-0.2698387096774191,-0.06758064516129014,-0.314516129032258,-0.11225806451612907,0.20225806451612893
2022,Q3,-0.3039062499999998,-0.49968749999999984,,-0.993125,-1.1439062499999997,-1.1284375,-1.12546875,-0.9732812499999999,-0.9373437499999997,-0.8473437499999998,-1.2496874999999998,-1.0079687499999999,-0.19578125000000002,,-0.6892187500000002,-0.8399999999999999,-0.8245312500000002,-0.8215625000000002,-0.669375,-0.6334374999999999,-0.5434375,-0.94578125,-0.7040625,,-0.4934375000000002,-0.6442187499999998,-0.6287500000000001,-0.6257812500000002,-0.47359375000000004,-0.43765624999999986,-0.34765625,-0.75,-0.50828125,,,,,,,,,,-0.15078124999999964,-0.13531249999999995,-0.13234374999999998,0.01984375000000016,0.05578125000000034,0.1457812500000002,-0.2565624999999998,-0.014843749999999822,0.015468749999999698,0.018437499999999662,0.1706249999999998,0.20656249999999998,0.29656249999999984,-0.10578125000000016,0.13593749999999982,0.0029687499999999645,0.1551562500000001,0.19109375000000028,0.28109375000000014,-0.12124999999999986,0.12046875000000012,0.15218750000000014,0.18812500000000032,0.2781250000000002,-0.12421874999999982,0.11750000000000016,0.03593750000000018,0.12593750000000004,-0.27640624999999996,-0.03468749999999998,0.08999999999999986,-0.31234375000000014,-0.07062500000000016,-0.40234375,-0.16062500000000002,0.24171874999999998
2022,Q4,-0.303114754098361,-0.4880327868852459,-0.7722557377049175,-0.8457377049180326,-0.9142622950819672,-0.688032786885246,-0.5509836065573768,-0.2960655737704916,-0.22836065573770492,-0.12737704918032788,-0.41770491803278675,-0.19606557377049194,-0.1849180327868849,-0.46914098360655654,-0.5426229508196716,-0.6111475409836062,-0.3849180327868851,-0.2478688524590158,0.0070491803278693865,0.07475409836065605,0.1757377049180331,-0.11459016393442578,0.10704918032786903,-0.28422295081967164,-0.3577049180327867,-0.42622950819672134,-0.20000000000000018,-0.0629508196721309,0.1919672131147543,0.25967213114754095,0.360655737704918,0.07032786885245912,0.29196721311475393,-0.07348196721311506,-0.1420065573770497,0.08422295081967146,0.22127213114754074,0.4761901639344259,0.5438950819672126,0.6448786885245896,0.35455081967213076,0.5761901639344256,-0.06852459016393464,0.15770491803278652,0.2947540983606558,0.549672131147541,0.6173770491803277,0.7183606557377047,0.4280327868852458,0.6496721311475406,0.22622950819672116,0.36327868852459044,0.6181967213114756,0.6859016393442623,0.7868852459016393,0.49655737704918046,0.7181967213114753,0.13704918032786928,0.39196721311475446,0.45967213114754113,0.5606557377049182,0.2703278688524593,0.4919672131147541,0.2549180327868852,0.32262295081967185,0.4236065573770489,0.13327868852459002,0.35491803278688483,0.06770491803278667,0.1686885245901637,-0.12163934426229517,0.09999999999999964,0.10098360655737704,-0.18934426229508183,0.03229508196721298,-0.29032786885245887,-0.06868852459016406,0.2216393442622948
2023,Q1,-0.13241935483871092,-0.2351612903225817,-0.3248387096774197,-0.37693548387096865,-0.2127419354838711,0.2038709677419348,0.4712903225806446,0.7449999999999997,0.8061290322580641,0.9003225806451609,0.6467741935483864,0.8004838709677413,-0.10274193548387078,-0.19241935483870876,-0.24451612903225772,-0.08032258064516018,0.33629032258064573,0.6037096774193556,0.8774193548387106,0.938548387096775,1.0327419354838718,0.7791935483870973,0.9329032258064522,-0.08967741935483797,-0.14177419354838694,0.022419354838710603,0.4390322580645165,0.7064516129032263,0.9801612903225814,1.0412903225806458,1.1354838709677426,0.8819354838709681,1.035645161290323,-0.05209677419354897,0.11209677419354858,0.5287096774193545,0.7961290322580643,1.0698387096774193,1.1309677419354838,1.2251612903225806,0.9716129032258061,1.125322580645161,0.16419354838709754,0.5808064516129035,0.8482258064516133,1.1219354838709683,1.1830645161290327,1.2772580645161296,1.023709677419355,1.17741935483871,0.4166129032258059,0.6840322580645157,0.9577419354838708,1.0188709677419352,1.113064516129032,0.8595161290322575,1.0132258064516124,0.2674193548387098,0.5411290322580649,0.6022580645161293,0.6964516129032261,0.4429032258064516,0.5966129032258065,0.27370967741935504,0.33483870967741947,0.4290322580645163,0.17548387096774176,0.3291935483870967,0.06112903225806443,0.15532258064516125,-0.09822580645161327,0.055483870967741655,0.09419354838709681,-0.1593548387096777,-0.0056451612903227755,-0.2535483870967745,-0.09983870967741959,0.15370967741935493
2023,Q2,-0.18317460317460377,-0.2938095238095251,-0.3288888888888897,-0.25492063492063544,0.026984126984126888,0.7114285714285709,1.026349206349206,1.2822222222222215,1.3285714285714278,1.3799999999999994,1.0369841269841267,1.1704761904761902,-0.11063492063492131,-0.1457142857142859,-0.07174603174603167,0.21015873015873066,0.8946031746031746,1.2095238095238097,1.4653968253968253,1.5117460317460316,1.5631746031746032,1.2201587301587304,1.353650793650794,-0.0350793650793646,0.03888888888888964,0.32079365079365196,1.005238095238096,1.320158730158731,1.5760317460317466,1.622380952380953,1.6738095238095245,1.3307936507936518,1.4642857142857153,0.07396825396825424,0.35587301587301656,1.0403174603174605,1.3552380952380956,1.6111111111111112,1.6574603174603175,1.7088888888888891,1.3658730158730163,1.49936507936508,0.2819047619047623,0.9663492063492063,1.2812698412698413,1.537142857142857,1.5834920634920633,1.6349206349206349,1.2919047619047621,1.4253968253968257,0.684444444444444,0.999365079365079,1.2552380952380946,1.301587301587301,1.3530158730158726,1.0099999999999998,1.1434920634920633,0.31492063492063505,0.5707936507936506,0.617142857142857,0.6685714285714286,0.3255555555555558,0.45904761904761937,0.2558730158730156,0.30222222222222195,0.35365079365079355,0.010634920634920775,0.14412698412698433,0.04634920634920636,0.09777777777777796,-0.2452380952380948,-0.11174603174603126,0.0514285714285716,-0.2915873015873012,-0.15809523809523762,-0.3430158730158728,-0.20952380952380922,0.13349206349206355
2023,Q3,-0.04539682539682488,-0.04984126984127002,-0.07317460317460256,-0.04238095238095241,0.09571428571428608,0.5690476190476188,0.8863492063492062,1.1742857142857144,1.2377777777777776,1.336031746031746,1.064285714285714,1.2463492063492065,-0.004444444444445139,-0.02777777777777768,0.0030158730158724723,0.14111111111111097,0.6144444444444437,0.9317460317460311,1.2196825396825393,1.2831746031746025,1.3814285714285708,1.109682539682539,1.2917460317460314,-0.02333333333333254,0.0074603174603176114,0.1455555555555561,0.6188888888888888,0.9361904761904762,1.2241269841269844,1.2876190476190477,1.385873015873016,1.114126984126984,1.2961904761904766,0.03079365079365015,0.16888888888888864,0.6422222222222214,0.9595238095238088,1.247460317460317,1.3109523809523802,1.4092063492063485,1.1374603174603166,1.319523809523809,0.1380952380952385,0.6114285714285712,0.9287301587301586,1.2166666666666668,1.28015873015873,1.3784126984126983,1.1066666666666665,1.288730158730159,0.4733333333333327,0.7906349206349201,1.0785714285714283,1.1420634920634916,1.2403174603174598,0.968571428571428,1.1506349206349205,0.3173015873015874,0.6052380952380956,0.6687301587301588,0.7669841269841271,0.49523809523809526,0.6773015873015877,0.28793650793650816,0.3514285714285714,0.4496825396825397,0.17793650793650784,0.3600000000000003,0.06349206349206327,0.16174603174603153,-0.11000000000000032,0.07206349206349216,0.09825396825396826,-0.1734920634920636,0.008571428571428896,-0.27174603174603185,-0.08968253968253936,0.18206349206349248
2023,Q4,-0.004032258064516014,0.023870967741935978,0.030645161290322243,0.09919354838709715,0.3224193548387104,0.7404838709677426,0.9683870967741939,1.120645161290323,1.0795161290322586,1.1012903225806454,0.7772580645161291,0.9575806451612907,0.027903225806451992,0.03467741935483826,0.10322580645161317,0.32645161290322644,0.7445161290322586,0.9724193548387099,1.124677419354839,1.0835483870967746,1.1053225806451614,0.7812903225806451,0.9616129032258067,0.006774193548386265,0.07532258064516117,0.29854838709677445,0.7166129032258066,0.9445161290322579,1.096774193548387,1.0556451612903226,1.0774193548387094,0.7533870967741931,0.9337096774193547,0.06854838709677491,0.2917741935483882,0.7098387096774204,0.9377419354838716,1.0900000000000007,1.0488709677419363,1.0706451612903232,0.7466129032258069,0.9269354838709685,0.22322580645161327,0.6412903225806454,0.8691935483870967,1.0214516129032258,0.9803225806451614,1.0020967741935483,0.678064516129032,0.8583870967741936,0.41806451612903217,0.6459677419354835,0.7982258064516126,0.7570967741935481,0.778870967741935,0.4548387096774187,0.6351612903225803,0.22790322580645128,0.3801612903225804,0.339032258064516,0.3608064516129028,0.03677419354838651,0.21709677419354811,0.1522580645161291,0.1111290322580647,0.13290322580645153,-0.19112903225806477,-0.010806451612903167,-0.04112903225806441,-0.01935483870967758,-0.3433870967741939,-0.16306451612903228,0.021774193548386833,-0.30225806451612947,-0.12193548387096786,-0.3240322580645163,-0.1437096774193547,0.1803225806451616
2024,Q1,0.027213114754098378,0.059016393442623105,0.10180327868852412,0.23016393442622984,0.6132786885245904,1.0309836065573768,1.245573770491803,1.391311475409836,1.3645901639344258,1.3568852459016396,1.0655737704918034,1.1827868852459007,0.03180327868852473,0.07459016393442575,0.20295081967213147,0.5860655737704921,1.0037704918032784,1.2183606557377047,1.3640983606557375,1.3373770491803274,1.3296721311475412,1.038360655737705,1.1555737704918023,0.04278688524590102,0.17114754098360674,0.5542622950819673,0.9719672131147536,1.18655737704918,1.3322950819672128,1.3055737704918027,1.2978688524590165,1.0065573770491802,1.1237704918032776,0.12836065573770572,0.5114754098360663,0.9291803278688526,1.143770491803279,1.2895081967213118,1.2627868852459017,1.2550819672131155,0.9637704918032792,1.0809836065573766,0.3831147540983606,0.8008196721311469,1.0154098360655732,1.161147540983606,1.134426229508196,1.1267213114754098,0.8354098360655735,0.9526229508196709,0.4177049180327863,0.6322950819672126,0.7780327868852455,0.7513114754098353,0.7436065573770492,0.4522950819672129,0.5695081967213103,0.21459016393442631,0.36032786885245915,0.33360655737704903,0.32590163934426286,0.0345901639344266,0.15180327868852395,0.14573770491803284,0.11901639344262271,0.11131147540983655,-0.17999999999999972,-0.06278688524590237,-0.026721311475410126,-0.03442622950819629,-0.32573770491803256,-0.2085245901639352,-0.007704918032786168,-0.29901639344262243,-0.18180327868852508,-0.29131147540983626,-0.17409836065573892,0.11721311475409735
2024,Q2,0.00031746031746049397,0.01555555555555621,0.019206349206348783,0.09079365079365154,0.3458730158730168,0.6558730158730155,0.8525396825396827,1.017777777777778,1.0250793650793648,1.033333333333334,0.8023809523809531,0.9012698412698423,0.015238095238095717,0.01888888888888829,0.09047619047619104,0.3455555555555563,0.655555555555555,0.8522222222222222,1.0174603174603174,1.0247619047619043,1.0330158730158736,0.8020634920634926,0.9009523809523818,0.003650793650792572,0.07523809523809533,0.33031746031746057,0.6403174603174593,0.8369841269841265,1.0022222222222217,1.0095238095238086,1.017777777777778,0.7868253968253969,0.8857142857142861,0.07158730158730275,0.326666666666668,0.6366666666666667,0.8333333333333339,0.9985714285714291,1.005873015873016,1.0141269841269853,0.7831746031746043,0.8820634920634935,0.25507936507936524,0.565079365079364,0.7617460317460312,0.9269841269841264,0.9342857142857133,0.9425396825396826,0.7115873015873015,0.8104761904761908,0.3099999999999987,0.5066666666666659,0.6719047619047611,0.679206349206348,0.6874603174603173,0.4565079365079363,0.5553968253968256,0.1966666666666672,0.3619047619047624,0.3692063492063493,0.3774603174603186,0.1465079365079376,0.24539682539682683,0.16523809523809518,0.1725396825396821,0.1807936507936514,-0.050158730158729625,0.04873015873015962,0.00730158730158692,0.01555555555555621,-0.2153968253968248,-0.11650793650793556,0.00825396825396929,-0.22269841269841173,-0.12380952380952248,-0.23095238095238102,-0.13206349206349177,0.09888888888888925
2024,Q3,,,,,,,,,,,,,,,,,,,,,,,,,,,,,,,,,,,,,,,,,,,,,,,,,,,,,,,,,,,,,,,,,,,,,,,,,,,,,,
